"0","# prior probability of the disease"
"0","p.D = 0.108"
"0",""
"0","# sensitivity covid rapid test"
"0","p.T_given_D = 0.653"
"0",""
"0","# specificity of covid rapid test"
"0","p.notT_given_notD = 0.999"
"0",""
"0","p.T_given_notD = (1 - p.notT_given_notD)"
"0",""
"0","# posterior given a positive test result "
"0","p.D_given_T = (p.T_given_D * p.D) / ((p.T_given_D * p.D) + (p.T_given_notD * (1-p.D)))"
"0",""
"0","# posterior given a negative test result "
"0","p.D_given_notT = ((1-p.T_given_D) * p.D) / (((1-p.T_given_D) * p.D) + ((1-p.T_given_notD) * (1-p.D)))"
"0",""
"0","str_c(""Probability of COVID given a positive test: "", round(p.D_given_T * 100, 1), ""%"")"
"1","[1]"
"1"," ""Probability of COVID given a positive test: 98.8%"""
"1","
"
"0","str_c(""Probability of COVID given a negative test: "", round(p.D_given_notT * 100, 1), ""%"")"
"1","[1]"
"1"," ""Probability of COVID given a negative test: 4%"""
"1","
"
