"0","set.seed(1)"
"0",""
"0","# variables & priors"
"0","b0 = normal(0, 10)"
"2","[36mℹ[39m Initialising python and checking dependencies, this may take a moment."
"2","[32m✓[39m Initialising python and checking dependencies ... done!               "
"2","
"
"1","
"
"2","/Users/tobiasg/Library/r-miniconda/envs/r-reticulate/lib/python3.6/site-packages/tensorflow/python/framework/dtypes.py:516: FutureWarning: Passing (type, 1) or '1type' as a synonym of type is deprecated; in a future version of numpy, it will be understood as (type, (1,)) / '(1,)type'.
  _np_qint8 = np.dtype([(""qint8"", np.int8, 1)])
/Users/tobiasg/Library/r-miniconda/envs/r-reticulate/lib/python3.6/site-packages/tensorflow/python/framework/dtypes.py:517: FutureWarning: Passing (type, 1) or '1type' as a synonym of type is deprecated; in a future version of numpy, it will be understood as (type, (1,)) / '(1,)type'.
  _np_quint8 = np.dtype([(""quint8"", np.uint8, 1)])
/Users/tobiasg/Library/r-miniconda/envs/r-reticulate/lib/python3.6/site-packages/tensorflow/python/framework/dtypes.py:518: FutureWarning: Passing (type, 1) or '1type' as a synonym of type is deprecated; in a future version of numpy, it will be understood as (type, (1,)) / '(1,)type'.
  _np_qint16 = np.dtype([(""qint16"", np.int16, 1)])
/Users/tobiasg/Library/r-miniconda/envs/r-reticulate/lib/python3.6/site-packages/tensorflow/python/framework/dtypes.py:519: FutureWarning: Passing (type, 1) or '1type' as a synonym of type is deprecated; in a future version of numpy, it will be understood as (type, (1,)) / '(1,)type'.
  _np_quint16 = np.dtype([(""quint16"", np.uint16, 1)])
/Users/tobiasg/Library/r-miniconda/envs/r-reticulate/lib/python3.6/site-packages/tensorflow/python/framework/dtypes.py:520: FutureWarning: Passing (type, 1) or '1type' as a synonym of type is deprecated; in a future version of numpy, it will be understood as (type, (1,)) / '(1,)type'.
  _np_qint32 = np.dtype([(""qint32"", np.int32, 1)])
/Users/tobiasg/Library/r-miniconda/envs/r-reticulate/lib/python3.6/site-packages/tensorflow/python/framework/dtypes.py:525: FutureWarning: Passing (type, 1) or '1type' as a synonym of type is deprecated; in a future version of numpy, it will be understood as (type, (1,)) / '(1,)type'.
  np_resource = np.dtype([(""resource"", np.ubyte, 1)])
/Users/tobiasg/Library/r-miniconda/envs/r-reticulate/lib/python3.6/site-packages/tensorboard/compat/tensorflow_stub/dtypes.py:541: FutureWarning: Passing (type, 1) or '1type' as a synonym of type is deprecated; in a future version of numpy, it will be understood as (type, (1,)) / '(1,)type'.
  _np_qint8 = np.dtype([(""qint8"", np.int8, 1)])
/Users/tobiasg/Library/r-miniconda/envs/r-reticulate/lib/python3.6/site-packages/tensorboard/compat/tensorflow_stub/dtypes.py:542: FutureWarning: Passing (type, 1) or '1type' as a synonym of type is deprecated; in a future version of numpy, it will be understood as (type, (1,)) / '(1,)type'.
  _np_quint8 = np.dtype([(""quint8"", np.uint8, 1)])
/Users/tobiasg/Library/r-miniconda/envs/r-reticulate/lib/python3.6/site-packages/tensorboard/compat/tensorflow_stub/dtypes.py:543: FutureWarning: Passing (type, 1) or '1type' as a synonym of type is deprecated; in a future version of numpy, it will be understood as (type, (1,)) / '(1,)type'.
  _np_qint16 = np.dtype([(""qint16"", np.int16, 1)])
/Users/tobiasg/Library/r-miniconda/envs/r-reticulate/lib/python3.6/site-packages/tensorboard/compat/tensorflow_stub/dtypes.py:544: FutureWarning: Passing (type, 1) or '1type' as a synonym of type is deprecated; in a future version of numpy, it will be understood as (type, (1,)) / '(1,)type'.
  _np_quint16 = np.dtype([(""quint16"", np.uint16, 1)])
/Users/tobiasg/Library/r-miniconda/envs/r-reticulate/lib/python3.6/site-packages/tensorboard/compat/tensorflow_stub/dtypes.py:545: FutureWarning: Passing (type, 1) or '1type' as a synonym of type is deprecated; in a future version of numpy, it will be understood as (type, (1,)) / '(1,)type'.
  _np_qint32 = np.dtype([(""qint32"", np.int32, 1)])
/Users/tobiasg/Library/r-miniconda/envs/r-reticulate/lib/python3.6/site-packages/tensorboard/compat/tensorflow_stub/dtypes.py:550: FutureWarning: Passing (type, 1) or '1type' as a synonym of type is deprecated; in a future version of numpy, it will be understood as (type, (1,)) / '(1,)type'.
  np_resource = np.dtype([(""resource"", np.ubyte, 1)])
"
"0","b1 = normal(0, 10)"
"0","sd = cauchy(0, 3, truncation = c(0, Inf))"
"0",""
"0","# linear predictor"
"0","mu = b0 + b1 * df.attitude$complaints"
"0",""
"0","# observation model (likelihood)"
"0","distribution(df.attitude$rating) = normal(mu, sd)"
"0",""
"0","# define the model"
"0","m = model(b0, b1, sd)"
