"0","g = grViz("""
"0","graph neato {"
"0","  "
"0","  graph[layout = neato]"
"0","  "
"0","  # general settings for all nodes"
"0","  node ["
"0","    shape = circle,"
"0","    style = filled,"
"0","    color = black,"
"0","    label = ''"
"0","    fontname = 'Helvetica',"
"0","    fontsize = 16,"
"0","    fillcolor = lightblue"
"0","    ]"
"0","  "
"0","  # labels for each node"
"0","  x [label = 'X' pos = '0,0!']"
"0","  y [label = 'Y'  pos = '2,0!']"
"0","  z [label = 'Z' pos = '1,-1!', fontcolor = 'red']"
"0","  "
"0","  # edges between nodes"
"0","  edge [color = black]"
"0","  x -- y"
"0","  x -- z"
"0","  y -- z"
"0","  "
"0","  # direction in which arrows are drawn (from left to right)"
"0","  rankdir = LR"
"0","}"
"0",""")"
"0",""
"0","# export as pdf "
"0","# g %>%"
"0","#   export_svg %>%"
"0","#   charToRaw %>%"
"0","#   rsvg_pdf(""figures/common_effect_undirected1.pdf"")"
"0","#   rsvg_pdf(""figures/common_effect_undirected2.pdf"")"
"0",""
"0","# show plot"
"0","g"
