{"chunk_definitions":[{"row":18,"row_count":1,"visible":true,"expansion_state":0,"options":{"engine":"r","include":false,"eval":true,"label":"unnamed-chunk-1","dev":"png"},"document_id":"C294EACD","chunk_id":"ct17e2w6goo3x","chunk_label":"unnamed-chunk-1"},{"row":42,"row_count":1,"visible":true,"expansion_state":0,"options":{"engine":"r","warning":false,"message":false,"label":"unnamed-chunk-2","dev":"png"},"document_id":"C294EACD","chunk_id":"czvs31ae94wm4","chunk_label":"unnamed-chunk-2"},{"row":55,"row_count":1,"visible":true,"expansion_state":0,"options":{"engine":"r","message":false,"label":"unnamed-chunk-3","dev":"png"},"document_id":"C294EACD","chunk_id":"cv9ogeerehnsl","chunk_label":"unnamed-chunk-3"},{"row":77,"row_count":1,"visible":true,"expansion_state":0,"options":{"engine":"r","label":"unnamed-chunk-4","dev":"png"},"document_id":"C294EACD","chunk_id":"ckfoz4zxag5pr","chunk_label":"unnamed-chunk-4"},{"row":97,"row_count":1,"visible":true,"expansion_state":0,"options":{"engine":"r","label":"unnamed-chunk-15","dev":"png"},"document_id":"C294EACD","chunk_id":"c9zkvfur06sj4","chunk_label":"unnamed-chunk-5"},{"row":112,"row_count":1,"visible":true,"expansion_state":0,"options":{"engine":"r","label":"unnamed-chunk-6","dev":"png"},"document_id":"C294EACD","chunk_id":"ch83lx7wanexb","chunk_label":"unnamed-chunk-6"},{"row":146,"row_count":1,"visible":true,"expansion_state":0,"options":{"engine":"r","warning":false,"message":false,"label":"unnamed-chunk-7","dev":"png"},"document_id":"C294EACD","chunk_id":"chu1mw8e4p2u9","chunk_label":"unnamed-chunk-7"},{"row":171,"row_count":1,"visible":true,"expansion_state":0,"options":{"engine":"r","label":"unnamed-chunk-8","dev":"png"},"document_id":"C294EACD","chunk_id":"c6eq5m14o2h5m","chunk_label":"unnamed-chunk-8"},{"row":180,"row_count":1,"visible":true,"expansion_state":0,"options":{"engine":"r","out.width":"50%","label":"unnamed-chunk-9","dev":"png"},"document_id":"C294EACD","chunk_id":"ceh1pnldvi6gp","chunk_label":"unnamed-chunk-9"},{"row":206,"row_count":1,"visible":true,"expansion_state":0,"options":{"engine":"r","label":"unnamed-chunk-10","dev":"png"},"document_id":"C294EACD","chunk_id":"clilbyidlv7if","chunk_label":"unnamed-chunk-10"},{"row":272,"row_count":1,"visible":true,"expansion_state":0,"options":{"engine":"r","warning":false,"message":false,"label":"unnamed-chunk-11","dev":"png"},"document_id":"C294EACD","chunk_id":"c8o3nul9awgxh","chunk_label":"unnamed-chunk-12"},{"row":286,"row_count":1,"visible":true,"expansion_state":0,"options":{"engine":"r","label":"unnamed-chunk-12","dev":"png"},"document_id":"C294EACD","chunk_id":"c23b88agw3h59","chunk_label":"unnamed-chunk-13"},{"row":308,"row_count":1,"visible":true,"expansion_state":0,"options":{"engine":"r","message":false,"label":"unnamed-chunk-13","dev":"png"},"document_id":"C294EACD","chunk_id":"czcc017dmfpea","chunk_label":"unnamed-chunk-14"},{"row":338,"row_count":1,"visible":true,"expansion_state":0,"options":{"engine":"r","label":"unnamed-chunk-14","dev":"png"},"document_id":"C294EACD","chunk_id":"cket496fi1ndg","chunk_label":"unnamed-chunk-15"}],"doc_write_time":1709160933}