"0","fit.y_x %>% "
"0","  tidy() %>% "
"0","  mutate(path = ""c"") %>% "
"0","  bind_rows(fit.m_x %>% "
"0","              tidy() %>% "
"0","              mutate(path = ""a""),"
"0","            fit.y_mx %>% "
"0","              tidy() %>% "
"0","              mutate(path = c(""(Intercept)"", ""b"", ""c'""))) %>% "
"0","  filter(term != ""(Intercept)"") %>% "
"0","  mutate(significance = p.value < .05,"
"0","         dv = ifelse(path %in% c(""c'"", ""b""), ""y"", ""m"")) %>% "
"0","  select(path, iv = term, dv, estimate, p.value, significance)"
