"0","df.politeness = read_csv(""data/politeness_data.csv"") %>% "
"0","  mutate(scenario = as.factor(scenario))"
"1","[1mRows: [22m[34m84[39m [1mColumns: [22m[34m5[39m
"
"1","[36m──[39m [1mColumn specification[22m [36m─────────────────────────────────────────────────────────────────────────────────────[39m
[1mDelimiter:[22m "",""
[31mchr[39m (3): subject, gender, attitude
[32mdbl[39m (2): scenario, frequency
"
"1","
[36mℹ[39m Use [38;5;235m[48;5;253m[38;5;235m[48;5;253m`spec()`[48;5;253m[38;5;235m[49m[39m to retrieve the full column specification for this data.
[36mℹ[39m Specify the column types or set [38;5;235m[48;5;253m[38;5;235m[48;5;253m`show_col_types = FALSE`[48;5;253m[38;5;235m[49m[39m to quiet this message.
"
