worker_id,trial,correct,duration
1,0,1,15
1,1,1,10
1,2,1,19
1,3,1,19
1,4,1,13
1,5,1,9
1,6,1,10
1,7,1,7
1,8,1,21
1,9,1,13
1,10,1,9
1,11,1,12
1,12,1,11
1,13,1,12
1,14,1,7
1,15,1,16
1,16,1,12
1,17,1,9
1,18,1,14
1,19,1,6
1,20,1,7
1,21,1,8
1,22,1,6
1,23,1,9
1,24,1,7
1,25,1,7
1,26,1,10
1,27,1,9
1,28,1,8
1,29,1,5
1,30,1,4
1,31,1,4
1,32,1,5
1,33,1,5
1,34,1,3
1,35,1,5
1,36,1,4
1,37,0,13
1,38,1,8
1,39,1,10
1,40,1,4
1,41,1,6
1,42,1,5
1,43,1,4
1,44,1,6
1,45,0,15
1,46,1,12
1,47,1,7
1,48,1,8
1,49,1,7
1,50,1,7
1,51,1,5
1,52,1,9
1,53,1,4
1,54,1,8
1,55,1,6
1,56,0,15
1,57,1,11
1,58,1,5
1,59,1,6
1,60,1,4
1,61,1,4
1,62,1,6
1,63,1,5
4,0,1,24
4,1,1,17
4,2,1,11
4,3,1,16
4,4,1,14
4,5,1,11
4,6,1,22
4,7,0,18
4,8,1,10
4,9,1,12
4,10,1,15
4,11,1,15
4,12,1,18
4,13,1,20
4,14,1,10
4,15,1,17
4,16,1,11
4,17,1,9
4,18,1,15
4,19,1,11
4,20,1,12
4,21,1,13
4,22,1,8
4,23,1,14
4,24,1,15
4,25,1,10
4,26,1,11
4,27,1,11
4,28,1,13
4,29,1,16
4,30,1,8
4,31,1,14
4,32,1,17
4,33,1,11
4,34,1,13
4,35,1,8
4,36,1,9
4,37,0,20
4,38,1,14
4,39,1,8
4,40,1,18
4,41,1,13
4,42,1,9
4,43,1,10
4,44,1,7
4,45,1,9
4,46,1,9
4,47,1,12
4,48,1,9
4,49,1,7
4,50,1,11
4,51,1,10
4,52,1,8
4,53,1,8
4,54,1,6
4,55,1,6
4,56,1,5
4,57,1,9
4,58,1,8
4,59,1,7
4,60,1,11
4,61,0,23
4,62,1,12
4,63,1,15
5,0,1,35
5,1,1,31
5,2,1,24
5,3,1,29
5,4,0,108
5,5,1,53
5,6,1,26
5,7,0,38
5,8,1,27
5,9,1,44
5,10,1,26
5,11,1,41
5,12,1,27
5,13,1,52
5,14,1,45
5,15,1,23
5,16,1,19
5,17,1,18
5,18,1,19
5,19,1,25
5,20,1,24
5,21,1,26
5,22,1,18
5,23,1,22
5,24,1,21
5,25,1,19
5,26,1,18
5,27,1,19
5,28,1,23
5,29,1,18
5,30,1,25
5,31,1,11
5,32,1,20
5,33,1,25
5,34,1,29
5,35,1,13
5,36,1,12
5,37,1,41
5,38,1,19
5,39,1,21
5,40,1,22
5,41,1,13
5,42,1,14
5,43,1,15
5,44,1,16
5,45,1,23
5,46,1,13
5,47,1,13
5,48,1,13
5,49,1,8
5,50,1,11
5,51,1,41
5,52,1,20
5,53,1,10
5,54,1,23
5,55,1,17
5,56,1,14
5,57,1,16
5,58,1,50
5,59,1,12
5,60,1,18
5,61,1,14
5,62,1,9
5,63,1,13
7,0,1,25
7,1,1,26
7,2,1,21
7,3,1,14
7,4,1,12
7,5,1,12
7,6,1,10
7,7,1,16
7,8,1,9
7,9,1,13
7,10,1,14
7,11,1,18
7,12,1,11
7,13,1,9
7,14,1,18
7,15,1,11
7,16,1,11
7,17,1,10
7,18,1,19
7,19,1,12
7,20,1,12
7,21,1,9
7,22,1,9
7,23,1,22
7,24,1,29
7,25,1,30
7,26,1,22
7,27,1,24
7,28,1,12
7,29,1,19
7,30,1,24
7,31,1,23
7,32,1,18
7,33,1,8
7,34,1,11
7,35,1,14
7,36,1,13
7,37,1,23
7,38,1,17
7,39,1,21
7,40,1,10
7,41,1,11
7,42,1,9
7,43,1,17
7,44,1,12
7,45,1,14
7,46,1,13
7,47,1,14
7,48,1,17
7,49,1,9
7,50,1,20
7,51,1,9
7,52,1,7
7,53,1,8
7,54,1,14
7,55,1,9
7,56,1,10
7,57,1,12
7,58,1,7
7,59,1,15
7,60,1,11
7,61,1,7
7,62,1,18
7,63,1,13
8,0,1,29
8,1,1,29
8,2,1,18
8,3,0,26
8,4,1,23
8,5,1,16
8,6,1,16
8,7,1,18
8,8,1,11
8,9,1,13
8,10,1,9
8,11,1,14
8,12,1,14
8,13,1,17
8,14,1,10
8,15,1,12
8,16,1,11
8,17,0,26
8,18,1,30
8,19,1,23
8,20,1,12
8,21,1,14
8,22,1,15
8,23,1,17
8,24,1,13
8,25,1,16
8,26,1,10
8,27,1,12
8,28,1,11
8,29,1,15
8,30,1,10
8,31,1,7
8,32,1,14
8,33,1,11
8,34,1,12
8,35,1,10
8,36,1,11
8,37,1,14
8,38,1,8
8,39,1,11
8,40,1,9
8,41,1,18
8,42,1,8
8,43,1,9
8,44,1,8
8,45,1,9
8,46,1,11
8,47,1,9
8,48,1,9
8,49,1,9
8,50,1,8
8,51,1,7
8,52,1,12
8,53,1,10
8,54,1,9
8,55,1,10
8,56,1,12
8,57,1,9
8,58,1,9
8,59,1,11
8,60,1,8
8,61,1,12
8,62,1,7
8,63,1,10
18,0,1,23
18,1,1,30
18,2,1,74
18,3,1,19
18,4,1,15
18,5,1,30
18,6,1,31
18,7,1,10
18,8,1,11
18,9,1,13
18,10,1,13
18,11,1,21
18,12,1,21
18,13,1,12
18,14,1,9
18,15,1,8
18,16,1,8
18,17,1,9
18,18,1,11
18,19,1,10
18,20,1,8
18,21,1,15
18,22,1,15
18,23,0,24
18,24,1,35
18,25,1,13
18,26,1,12
18,27,1,18
18,28,1,25
18,29,1,9
18,30,1,33
18,31,1,23
18,32,1,10
18,33,1,23
18,34,1,10
18,35,1,11
18,36,1,10
18,37,1,9
18,38,1,27
18,39,1,17
18,40,1,13
18,41,1,11
18,42,1,15
18,43,1,15
18,44,1,13
18,45,1,9
18,46,1,13
18,47,1,10
18,48,1,9
18,49,1,15
18,50,1,15
18,51,1,17
18,52,1,16
18,53,1,10
18,54,1,9
18,55,1,11
18,56,1,15
18,57,1,14
18,58,1,32
18,59,1,16
18,60,1,14
18,61,1,10
18,62,1,8
18,63,1,13
19,0,1,24
19,1,1,39
19,2,1,27
19,3,1,11
19,4,0,36
19,5,1,36
19,6,0,62
19,7,1,27
19,8,1,36
19,9,1,31
19,10,1,29
19,11,1,28
19,12,1,18
19,13,1,20
19,14,1,14
19,15,1,21
19,16,1,15
19,17,1,17
19,18,1,17
19,19,1,8
19,20,1,17
19,21,1,15
19,22,1,12
19,23,1,17
19,24,1,14
19,25,1,13
19,26,1,11
19,27,1,8
19,28,1,11
19,29,0,22
19,30,1,24
19,31,1,24
19,32,1,21
19,33,1,8
19,34,0,18
19,35,1,18
19,36,1,9
19,37,1,8
19,38,1,11
19,39,1,11
19,40,1,8
19,41,1,10
19,42,1,12
19,43,1,10
19,44,1,7
19,45,0,17
19,46,1,10
19,47,1,18
19,48,1,7
19,49,1,7
19,50,1,34
19,51,1,12
19,52,1,7
19,53,1,6
19,54,0,21
19,55,1,19
19,56,1,10
19,57,1,6
19,58,0,16
19,59,1,13
19,60,1,16
19,61,1,12
19,62,1,7
19,63,0,20
21,0,0,23
21,1,1,9
21,2,1,22
21,3,1,9
21,4,1,10
21,5,1,22
21,6,1,9
21,7,1,6
21,8,1,6
21,9,0,18
21,10,1,15
21,11,1,16
21,12,1,17
21,13,1,13
21,14,0,23
21,15,1,13
21,16,1,12
21,17,0,19
21,18,1,22
21,19,1,11
21,20,1,10
21,21,1,11
21,22,1,11
21,23,1,8
21,24,1,16
21,25,1,9
21,26,1,11
21,27,1,7
21,28,1,8
21,29,0,20
21,30,1,10
21,31,1,15
21,32,1,7
21,33,1,12
21,34,1,7
21,35,1,10
21,36,1,6
21,37,1,7
21,38,1,6
21,39,1,6
21,40,0,18
21,41,1,16
21,42,1,13
21,43,1,7
21,44,1,8
21,45,1,7
21,46,1,13
21,47,1,9
21,48,1,6
21,49,1,8
21,50,1,11
21,51,1,8
21,52,1,9
21,53,1,13
21,54,0,18
21,55,1,16
21,56,1,12
21,57,0,18
21,58,1,11
21,59,1,9
21,60,1,7
21,61,1,9
21,62,1,8
21,63,1,12
23,0,1,19
23,1,1,63
23,2,1,15
23,3,1,16
23,4,1,16
23,5,1,69
23,6,1,24
23,7,1,23
23,8,1,26
23,9,1,12
23,10,1,22
23,11,1,13
23,12,1,12
23,13,1,10
23,14,1,18
23,15,1,21
23,16,1,17
23,17,1,11
23,18,1,10
23,19,1,12
23,20,1,10
23,21,1,14
23,22,1,9
23,23,1,10
23,24,1,13
23,25,1,9
23,26,1,10
23,27,1,9
23,28,1,12
23,29,1,12
23,30,1,13
23,31,1,16
23,32,1,12
23,33,1,10
23,34,1,9
23,35,1,8
23,36,1,18
23,37,1,8
23,38,1,6
23,39,1,10
23,40,1,6
23,41,1,19
23,42,1,11
23,43,1,14
23,44,1,12
23,45,1,9
23,46,1,26
23,47,1,13
23,48,1,12
23,49,1,14
23,50,1,9
23,51,1,11
23,52,1,12
23,53,1,8
23,54,1,12
23,55,1,11
23,56,1,13
23,57,1,10
23,58,1,8
23,59,1,10
23,60,1,8
23,61,1,16
23,62,1,9
23,63,1,11
24,0,1,47
24,1,0,66
24,2,0,78
24,3,1,32
24,4,1,10
24,5,0,115
24,6,0,65
24,7,1,52
24,8,1,35
24,9,1,19
24,10,1,39
24,11,1,23
24,12,1,10
24,13,1,9
24,14,1,20
24,15,1,9
24,16,1,12
24,17,1,7
24,18,1,46
24,19,1,14
24,20,1,8
24,21,1,11
24,22,1,16
24,23,0,27
24,24,1,19
24,25,1,11
24,26,1,14
24,27,1,10
24,28,1,14
24,29,1,50
24,30,1,58
24,31,1,30
24,32,1,38
24,33,1,37
24,34,1,32
24,35,1,12
24,36,0,21
24,37,1,11
24,38,1,8
24,39,1,9
24,40,1,12
24,41,1,10
24,42,1,9
24,43,1,10
24,44,1,10
24,45,1,10
24,46,1,9
24,47,1,66
24,48,1,9
24,49,1,7
24,50,1,7
24,51,1,11
24,52,1,8
24,53,1,7
24,54,1,11
24,55,1,12
24,56,1,9
24,57,1,13
24,58,1,12
24,59,1,9
24,60,1,9
24,61,1,11
24,62,1,11
24,63,1,16
25,0,0,38
25,1,0,41
25,2,1,31
25,3,1,26
25,4,0,43
25,5,1,61
25,6,1,30
25,7,1,21
25,8,0,34
25,9,1,25
25,10,1,14
25,11,1,26
25,12,1,14
25,13,1,26
25,14,1,29
25,15,1,19
25,16,1,20
25,17,1,13
25,18,1,38
25,19,1,24
25,20,1,22
25,21,1,15
25,22,1,16
25,23,1,16
25,24,1,48
25,25,1,29
25,26,1,17
25,27,1,18
25,28,1,32
25,29,0,24
25,30,1,19
25,31,1,13
25,32,1,15
25,33,0,20
25,34,1,27
25,35,1,12
25,36,1,12
25,37,0,23
25,38,1,34
25,39,1,19
25,40,1,20
25,41,1,15
25,42,1,12
25,43,1,29
25,44,1,15
25,45,1,21
25,46,1,23
25,47,1,22
25,48,1,19
25,49,1,15
25,50,1,18
25,51,0,22
25,52,1,44
25,53,1,12
25,54,1,14
25,55,1,12
25,56,1,16
25,57,1,14
25,58,1,55
25,59,1,11
25,60,1,9
25,61,1,17
25,62,1,11
25,63,1,31
27,0,1,69
27,1,1,47
27,2,1,32
27,3,1,44
27,4,1,26
27,5,0,81
27,6,1,25
27,7,1,13
27,8,1,21
27,9,1,19
27,10,1,30
27,11,0,28
27,12,1,21
27,13,1,51
27,14,1,16
27,15,1,49
27,16,1,16
27,17,1,26
27,18,1,16
27,19,1,34
27,20,1,23
27,21,1,23
27,22,1,23
27,23,1,42
27,24,1,15
27,25,1,12
27,26,1,18
27,27,1,10
27,28,1,13
27,29,1,9
27,30,1,13
27,31,1,9
27,32,1,14
27,33,1,15
27,34,1,26
27,35,1,20
27,36,1,24
27,37,1,13
27,38,1,9
27,39,1,18
27,40,1,24
27,41,1,28
27,42,1,13
27,43,1,14
27,44,1,11
27,45,0,20
27,46,1,12
27,47,1,14
27,48,1,11
27,49,1,23
27,50,1,16
27,51,1,31
27,52,1,15
27,53,1,11
27,54,1,23
27,55,1,15
27,56,1,8
27,57,1,14
27,58,1,12
27,59,1,24
27,60,1,18
27,61,1,16
27,62,1,20
27,63,1,28
29,0,1,21
29,1,1,10
29,2,1,8
29,3,1,8
29,4,1,20
29,5,1,7
29,6,1,9
29,7,1,12
29,8,1,17
29,9,1,8
29,10,1,14
29,11,1,12
29,12,1,10
29,13,1,44
29,14,1,28
29,15,1,18
29,16,1,7
29,17,1,9
29,18,1,8
29,19,1,18
29,20,1,13
29,21,1,7
29,22,1,8
29,23,1,9
29,24,1,17
29,25,1,6
29,26,1,63
29,27,1,9
29,28,1,7
29,29,1,7
29,30,1,13
29,31,1,5
29,32,1,17
29,33,1,5
29,34,1,6
29,35,1,5
29,36,1,6
29,37,1,8
29,38,1,9
29,39,1,7
29,40,1,12
29,41,1,32
29,42,1,7
29,43,1,7
29,44,1,7
29,45,1,14
29,46,1,7
29,47,1,13
29,48,1,16
29,49,1,7
29,50,1,8
29,51,1,12
29,52,1,16
29,53,1,11
29,54,1,8
29,55,1,18
29,56,1,9
29,57,1,6
29,58,1,7
29,59,1,6
29,60,1,8
29,61,1,10
29,62,1,9
29,63,1,8
30,0,0,14
30,1,0,26
30,2,1,21
30,3,1,11
30,4,1,10
30,5,1,50
30,6,1,14
30,7,1,10
30,8,1,17
30,9,1,13
30,10,1,23
30,11,1,12
30,12,1,14
30,13,1,11
30,14,1,11
30,15,1,13
30,16,1,12
30,17,1,10
30,18,1,11
30,19,1,18
30,20,1,15
30,21,1,12
30,22,1,8
30,23,1,7
30,24,1,7
30,25,1,8
30,26,1,8
30,27,1,10
30,28,1,7
30,29,1,8
30,30,1,15
30,31,1,17
30,32,1,10
30,33,1,10
30,34,1,10
30,35,1,7
30,36,1,13
30,37,1,11
30,38,1,8
30,39,1,7
30,40,1,10
30,41,1,8
30,42,1,22
30,43,1,7
30,44,1,6
30,45,1,9
30,46,1,7
30,47,1,6
30,48,1,8
30,49,1,7
30,50,1,7
30,51,1,10
30,52,1,16
30,53,1,9
30,54,1,7
30,55,1,7
30,56,1,6
30,57,1,8
30,58,1,7
30,59,1,8
30,60,1,28
30,61,1,15
30,62,1,7
30,63,1,10
31,0,1,62
31,1,1,24
31,2,1,25
31,3,1,77
31,4,1,24
31,5,1,22
31,6,1,20
31,7,1,17
31,8,1,12
31,9,1,11
31,10,1,12
31,11,0,21
31,12,1,17
31,13,1,13
31,14,1,15
31,15,1,8
31,16,1,11
31,17,1,10
31,18,1,8
31,19,1,12
31,20,0,31
31,21,1,58
31,22,1,19
31,23,1,30
31,24,1,25
31,25,1,72
31,26,1,26
31,27,0,31
31,28,1,25
31,29,1,14
31,30,1,17
31,31,1,13
31,32,1,17
31,33,1,14
31,34,1,13
31,35,1,35
31,36,1,44
31,37,1,23
31,38,1,12
31,39,1,21
31,40,1,34
31,41,1,36
31,42,1,17
31,43,1,19
31,44,1,10
31,45,1,13
31,46,0,27
31,47,1,19
31,48,0,20
31,49,1,18
31,50,1,16
31,51,1,18
31,52,0,25
31,53,1,19
31,54,1,23
31,55,1,16
31,56,1,20
31,57,1,21
31,58,1,10
31,59,1,13
31,60,1,18
31,61,1,8
31,62,0,18
31,63,1,29
35,0,1,38
35,1,1,24
35,2,1,52
35,3,1,14
35,4,1,17
35,5,1,15
35,6,1,30
35,7,1,19
35,8,1,38
35,9,1,35
35,10,1,38
35,11,1,27
35,12,1,18
35,13,1,67
35,14,1,38
35,15,1,23
35,16,1,26
35,17,1,70
35,18,1,21
35,19,1,42
35,20,1,37
35,21,1,19
35,22,1,12
35,23,1,48
35,24,1,45
35,25,1,18
35,26,1,47
35,27,1,37
35,28,1,20
35,29,1,27
35,30,1,29
35,31,1,18
35,32,0,35
35,33,1,31
35,34,1,48
35,35,1,30
35,36,1,17
35,37,1,16
35,38,1,15
35,39,1,16
35,40,1,13
35,41,1,17
35,42,1,19
35,43,1,14
35,44,1,40
35,45,1,27
35,46,1,32
35,47,1,23
35,48,1,29
35,49,1,23
35,50,1,45
35,51,1,30
35,52,1,30
35,53,1,57
35,54,1,18
35,55,1,22
35,56,1,22
35,57,1,12
35,58,0,42
35,59,1,28
35,60,0,38
35,61,1,36
35,62,1,28
35,63,1,32
36,0,1,39
36,1,0,36
36,2,1,38
36,3,0,57
36,4,0,67
36,5,1,53
36,6,1,17
36,7,1,19
36,8,1,30
36,9,1,32
36,10,0,59
36,11,1,18
36,12,1,15
36,13,0,58
36,14,1,39
36,15,1,44
36,16,1,32
36,17,1,15
36,18,1,16
36,19,1,31
36,20,1,57
36,21,1,23
36,22,1,20
36,23,1,30
36,24,1,34
36,25,1,29
36,26,1,19
36,27,1,23
36,28,1,18
36,29,1,47
36,30,1,29
36,31,1,18
36,32,1,21
36,33,1,20
36,34,1,24
36,35,1,32
36,36,1,117
36,37,1,15
36,38,1,19
36,39,1,12
36,40,1,24
36,41,1,21
36,42,1,16
36,43,1,23
36,44,1,15
36,45,1,28
36,46,1,19
36,47,1,27
36,48,1,34
36,49,1,27
36,50,1,32
36,51,1,16
36,52,1,23
36,53,1,17
36,54,1,21
36,55,1,18
36,56,1,24
36,57,1,27
36,58,1,34
36,59,1,18
36,60,1,21
36,61,1,19
36,62,1,21
36,63,1,20
39,0,1,39
39,1,1,31
39,2,1,32
39,3,1,37
39,4,1,31
39,5,1,27
39,6,1,27
39,7,1,28
39,8,1,22
39,9,1,25
39,10,1,24
39,11,1,30
39,12,1,62
39,13,1,30
39,14,1,31
39,15,1,36
39,16,1,25
39,17,1,50
39,18,1,36
39,19,1,39
39,20,1,24
39,21,1,23
39,22,1,24
39,23,1,33
39,24,1,31
39,25,1,23
39,26,1,31
39,27,1,33
39,28,1,23
39,29,1,25
39,30,1,23
39,31,1,26
39,32,1,29
39,33,1,35
39,34,1,30
39,35,0,35
39,36,1,57
39,37,1,36
39,38,1,27
39,39,1,25
39,40,1,27
39,41,1,67
39,42,1,25
39,43,1,24
39,44,1,23
39,45,1,27
39,46,1,30
39,47,1,30
39,48,1,23
39,49,1,20
39,50,1,29
39,51,1,41
39,52,1,30
39,53,1,27
39,54,1,29
39,55,1,33
39,56,1,39
39,57,1,32
39,58,1,37
39,59,1,37
39,60,1,38
39,61,1,24
39,62,1,30
39,63,1,55
45,0,1,62
45,1,1,16
45,2,1,16
45,3,1,113
45,4,1,39
45,5,1,24
45,6,0,42
45,7,1,20
45,8,1,16
45,9,1,18
45,10,1,20
45,11,1,97
45,12,1,53
45,13,1,15
45,14,1,23
45,15,1,14
45,16,1,17
45,17,1,24
45,18,1,33
45,19,1,94
45,20,1,14
45,21,1,14
45,22,1,32
45,23,1,30
45,24,1,18
45,25,1,15
45,26,1,16
45,27,1,16
45,28,1,18
45,29,1,14
45,30,1,12
45,31,1,14
45,32,1,35
45,33,1,14
45,34,1,13
45,35,1,15
45,36,1,12
45,37,1,19
45,38,1,11
45,39,1,15
45,40,1,14
45,41,1,13
45,42,1,15
45,43,1,23
45,44,1,12
45,45,1,11
45,46,1,9
45,47,1,10
45,48,1,11
45,49,1,23
45,50,1,13
45,51,1,12
45,52,1,15
45,53,1,12
45,54,1,10
45,55,1,20
45,56,1,13
45,57,1,10
45,58,1,11
45,59,1,11
45,60,1,20
45,61,1,16
45,62,1,10
45,63,1,10
48,0,1,26
48,1,1,27
48,2,1,16
48,3,1,18
48,4,1,26
48,5,1,17
48,6,1,39
48,7,1,19
48,8,1,21
48,9,1,49
48,10,1,27
48,11,1,19
48,12,1,13
48,13,0,47
48,14,1,29
48,15,1,13
48,16,1,14
48,17,1,38
48,18,1,14
48,19,1,21
48,20,1,44
48,21,1,12
48,22,1,27
48,23,1,23
48,24,1,26
48,25,1,27
48,26,1,27
48,27,1,64
48,28,1,14
48,29,1,18
48,30,1,35
48,31,1,32
48,32,1,18
48,33,1,13
48,34,1,28
48,35,1,20
48,36,1,14
48,37,1,18
48,38,1,19
48,39,1,24
48,40,1,23
48,41,1,18
48,42,1,26
48,43,1,22
48,44,0,24
48,45,1,11
48,46,1,13
48,47,1,21
48,48,1,15
48,49,1,17
48,50,1,31
48,51,1,20
48,52,1,18
48,53,1,22
48,54,1,31
48,55,1,20
48,56,1,22
48,57,1,11
48,58,1,33
48,59,1,15
48,60,1,15
48,61,1,17
48,62,1,20
48,63,1,18
49,0,1,31
49,1,1,33
49,2,1,38
49,3,0,53
49,4,0,44
49,5,1,47
49,6,0,61
49,7,0,31
49,8,1,48
49,9,1,37
49,10,0,41
49,11,1,24
49,12,0,31
49,13,1,25
49,14,1,25
49,15,1,34
49,16,1,23
49,17,1,37
49,18,0,31
49,19,1,23
49,20,1,28
49,21,1,30
49,22,0,32
49,23,0,46
49,24,0,23
49,25,1,22
49,26,1,41
49,27,1,52
49,28,1,19
49,29,1,14
49,30,1,33
49,31,1,30
49,32,0,22
49,33,1,42
49,34,1,17
49,35,1,21
49,36,1,23
49,37,1,18
49,38,1,24
49,39,1,16
49,40,1,24
49,41,1,29
49,42,1,25
49,43,1,29
49,44,1,21
49,45,1,19
49,46,1,20
49,47,1,20
49,48,1,15
49,49,1,24
49,50,1,20
49,51,1,28
49,52,1,28
49,53,1,20
49,54,1,20
49,55,1,31
49,56,1,16
49,57,1,17
49,58,1,24
49,59,1,16
49,60,1,26
49,61,1,24
49,62,1,15
49,63,1,31
50,0,1,14
50,1,1,58
50,2,1,25
50,3,1,15
50,4,1,18
50,5,1,12
50,6,1,11
50,7,1,14
50,8,1,15
50,9,1,10
50,10,1,10
50,11,1,12
50,12,1,15
50,13,1,10
50,14,1,9
50,15,1,10
50,16,1,6
50,17,1,11
50,18,1,10
50,19,1,13
50,20,0,16
50,21,1,10
50,22,1,30
50,23,1,10
50,24,1,10
50,25,1,10
50,26,1,13
50,27,1,21
50,28,1,13
50,29,1,9
50,30,1,10
50,31,1,8
50,32,1,9
50,33,1,8
50,34,1,9
50,35,1,10
50,36,1,10
50,37,1,10
50,38,1,11
50,39,1,14
50,40,1,9
50,41,1,12
50,42,1,10
50,43,1,14
50,44,1,9
50,45,1,16
50,46,1,10
50,47,1,9
50,48,1,10
50,49,1,12
50,50,1,10
50,51,1,18
50,52,1,9
50,53,1,7
50,54,1,8
50,55,1,8
50,56,1,17
50,57,1,13
50,58,1,9
50,59,1,15
50,60,1,7
50,61,1,11
50,62,1,12
50,63,1,12
54,0,1,50
54,1,1,112
54,2,0,108
54,3,1,37
54,4,1,68
54,5,1,72
54,6,1,56
54,7,0,20
54,8,1,91
54,9,1,55
54,10,0,42
54,11,1,24
54,12,1,31
54,13,1,26
54,14,1,24
54,15,1,19
54,16,1,24
54,17,1,23
54,18,1,20
54,19,1,43
54,20,1,32
54,21,1,25
54,22,1,22
54,23,1,19
54,24,1,14
54,25,0,25
54,26,1,16
54,27,1,16
54,28,1,24
54,29,1,16
54,30,1,15
54,31,1,14
54,32,1,14
54,33,1,28
54,34,1,16
54,35,1,22
54,36,1,16
54,37,1,19
54,38,1,19
54,39,1,16
54,40,1,15
54,41,1,14
54,42,1,16
54,43,1,13
54,44,1,13
54,45,1,14
54,46,1,15
54,47,1,18
54,48,1,21
54,49,1,15
54,50,1,15
54,51,1,19
54,52,1,13
54,53,1,14
54,54,1,13
54,55,1,17
54,56,1,14
54,57,1,21
54,58,1,11
54,59,1,16
54,60,1,15
54,61,1,10
54,62,1,13
54,63,1,16
57,0,0,44
57,1,1,26
57,2,1,40
57,3,1,23
57,4,1,23
57,5,1,13
57,6,1,17
57,7,1,13
57,8,1,14
57,9,1,11
57,10,1,13
57,11,1,15
57,12,1,15
57,13,1,16
57,14,1,14
57,15,1,11
57,16,0,21
57,17,1,16
57,18,1,20
57,19,0,20
57,20,1,20
57,21,1,15
57,22,1,15
57,23,1,27
57,24,1,13
57,25,1,23
57,26,1,19
57,27,1,18
57,28,1,12
57,29,1,17
57,30,1,13
57,31,1,14
57,32,1,14
57,33,1,14
57,34,1,14
57,35,1,10
57,36,1,11
57,37,1,11
57,38,1,10
57,39,1,11
57,40,1,14
57,41,1,11
57,42,1,11
57,43,1,9
57,44,1,12
57,45,1,12
57,46,0,24
57,47,1,13
57,48,1,13
57,49,1,10
57,50,1,13
57,51,1,11
57,52,1,11
57,53,1,11
57,54,1,12
57,55,1,10
57,56,1,17
57,57,1,10
57,58,1,12
57,59,1,13
57,60,1,12
57,61,1,10
57,62,1,12
57,63,1,10
60,0,1,33
60,1,1,30
60,2,0,38
60,3,1,12
60,4,1,17
60,5,1,17
60,6,1,16
60,7,1,19
60,8,1,12
60,9,1,13
60,10,1,19
60,11,1,15
60,12,1,9
60,13,1,23
60,14,1,20
60,15,1,12
60,16,1,10
60,17,1,9
60,18,1,10
60,19,1,6
60,20,1,12
60,21,1,13
60,22,1,19
60,23,1,8
60,24,1,8
60,25,1,17
60,26,1,10
60,27,1,21
60,28,1,14
60,29,1,7
60,30,1,4
60,31,1,6
60,32,1,6
60,33,1,8
60,34,1,6
60,35,1,12
60,36,1,8
60,37,1,13
60,38,1,18
60,39,1,8
60,40,1,20
60,41,1,16
60,42,1,7
60,43,1,5
60,44,1,11
60,45,1,10
60,46,1,9
60,47,1,10
60,48,1,22
60,49,1,10
60,50,1,7
60,51,1,5
60,52,1,8
60,53,1,8
60,54,1,5
60,55,1,5
60,56,1,13
60,57,1,7
60,58,1,7
60,59,1,18
60,60,1,5
60,61,1,8
60,62,1,8
60,63,1,6
64,0,0,24
64,1,1,20
64,2,1,25
64,3,1,17
64,4,1,21
64,5,1,49
64,6,1,20
64,7,1,30
64,8,1,22
64,9,1,19
64,10,1,20
64,11,1,15
64,12,1,22
64,13,1,13
64,14,1,11
64,15,1,14
64,16,1,17
64,17,1,15
64,18,1,11
64,19,1,11
64,20,1,10
64,21,0,27
64,22,1,19
64,23,1,15
64,24,1,14
64,25,1,10
64,26,1,23
64,27,1,12
64,28,1,10
64,29,1,17
64,30,1,11
64,31,1,19
64,32,1,12
64,33,1,12
64,34,1,28
64,35,1,12
64,36,1,33
64,37,1,10
64,38,1,20
64,39,1,12
64,40,1,15
64,41,1,15
64,42,1,12
64,43,1,18
64,44,1,10
64,45,1,12
64,46,1,13
64,47,1,14
64,48,1,8
64,49,1,11
64,50,1,15
64,51,1,15
64,52,1,10
64,53,1,8
64,54,1,9
64,55,1,13
64,56,1,12
64,57,1,9
64,58,1,9
64,59,1,8
64,60,1,23
64,61,1,12
64,62,0,19
64,63,1,15
67,0,1,17
67,1,1,12
67,2,1,17
67,3,1,13
67,4,1,13
67,5,1,10
67,6,1,13
67,7,1,17
67,8,1,20
67,9,1,26
67,10,1,24
67,11,1,15
67,12,1,19
67,13,1,7
67,14,1,9
67,15,1,8
67,16,1,9
67,17,1,6
67,18,1,8
67,19,1,7
67,20,1,10
67,21,1,6
67,22,1,13
67,23,1,5
67,24,1,8
67,25,1,9
67,26,1,17
67,27,1,8
67,28,1,8
67,29,1,9
67,30,1,10
67,31,1,11
67,32,1,9
67,33,1,7
67,34,1,8
67,35,1,9
67,36,1,12
67,37,1,15
67,38,1,6
67,39,1,16
67,40,1,10
67,41,1,7
67,42,1,6
67,43,1,6
67,44,1,6
67,45,1,8
67,46,1,9
67,47,1,9
67,48,1,6
67,49,1,9
67,50,1,14
67,51,1,6
67,52,1,8
67,53,1,7
67,54,1,8
67,55,1,13
67,56,1,7
67,57,1,6
67,58,1,5
67,59,1,11
67,60,1,8
67,61,1,5
67,62,1,8
67,63,1,9
68,0,1,43
68,1,1,15
68,2,1,46
68,3,1,15
68,4,1,10
68,5,1,17
68,6,1,8
68,7,1,12
68,8,1,7
68,9,1,9
68,10,1,15
68,11,1,14
68,12,1,22
68,13,1,16
68,14,1,25
68,15,1,23
68,16,1,18
68,17,1,22
68,18,1,17
68,19,1,23
68,20,1,17
68,21,1,14
68,22,1,8
68,23,1,9
68,24,1,7
68,25,1,7
68,26,1,10
68,27,1,17
68,28,1,10
68,29,0,28
68,30,1,25
68,31,1,20
68,32,1,15
68,33,1,14
68,34,1,8
68,35,1,18
68,36,1,13
68,37,1,10
68,38,0,26
68,39,1,21
68,40,1,14
68,41,1,11
68,42,1,10
68,43,1,11
68,44,1,13
68,45,1,17
68,46,1,21
68,47,1,27
68,48,1,12
68,49,1,12
68,50,1,8
68,51,1,16
68,52,1,12
68,53,1,16
68,54,1,7
68,55,1,7
68,56,1,10
68,57,1,9
68,58,1,9
68,59,1,21
68,60,0,54
68,61,1,25
68,62,1,10
68,63,1,12
71,0,1,21
71,1,1,8
71,2,1,14
71,3,1,14
71,4,1,13
71,5,1,13
71,6,1,7
71,7,1,7
71,8,1,7
71,9,1,11
71,10,1,11
71,11,1,8
71,12,1,8
71,13,1,13
71,14,1,9
71,15,1,11
71,16,1,9
71,17,1,14
71,18,1,10
71,19,1,20
71,20,1,7
71,21,1,7
71,22,1,8
71,23,1,7
71,24,1,10
71,25,1,7
71,26,1,7
71,27,1,12
71,28,1,8
71,29,1,11
71,30,1,14
71,31,1,7
71,32,1,7
71,33,1,7
71,34,1,12
71,35,1,9
71,36,1,8
71,37,1,8
71,38,1,8
71,39,1,8
71,40,1,7
71,41,1,5
71,42,1,12
71,43,1,10
71,44,1,7
71,45,1,5
71,46,1,6
71,47,1,6
71,48,1,12
71,49,1,7
71,50,1,5
71,51,1,9
71,52,1,6
71,53,1,4
71,54,0,15
71,55,1,7
71,56,1,9
71,57,1,6
71,58,0,16
71,59,1,6
71,60,1,11
71,61,1,9
71,62,1,9
71,63,1,12
72,0,1,37
72,1,1,36
72,2,1,43
72,3,1,33
72,4,1,34
72,5,1,44
72,6,1,30
72,7,1,34
72,8,1,32
72,9,1,32
72,10,1,27
72,11,1,27
72,12,1,31
72,13,1,42
72,14,1,28
72,15,1,32
72,16,1,33
72,17,1,31
72,18,1,35
72,19,1,28
72,20,1,29
72,21,1,29
72,22,1,29
72,23,1,32
72,24,1,29
72,25,1,30
72,26,1,33
72,27,1,28
72,28,1,38
72,29,1,36
72,30,1,30
72,31,1,32
72,32,0,74
72,33,1,33
72,34,1,28
72,35,1,33
72,36,1,26
72,37,1,30
72,38,1,30
72,39,1,52
72,40,1,27
72,41,1,32
72,42,1,33
72,43,1,33
72,44,1,41
72,45,1,47
72,46,1,32
72,47,1,37
72,48,1,31
72,49,1,40
72,50,1,37
72,51,1,39
72,52,1,33
72,53,0,101
72,54,1,42
72,55,1,30
72,56,1,35
72,57,1,37
72,58,1,73
72,59,1,75
72,60,1,32
72,61,1,76
72,62,1,56
72,63,1,92
77,0,1,31
77,1,1,23
77,2,1,26
77,3,1,21
77,4,1,17
77,5,1,21
77,6,1,16
77,7,1,16
77,8,1,13
77,9,1,16
77,10,1,16
77,11,1,17
77,12,1,15
77,13,1,11
77,14,1,11
77,15,1,14
77,16,1,17
77,17,1,17
77,18,1,13
77,19,1,18
77,20,1,12
77,21,1,16
77,22,1,12
77,23,1,13
77,24,1,14
77,25,1,9
77,26,1,14
77,27,1,12
77,28,1,15
77,29,1,15
77,30,0,24
77,31,1,22
77,32,1,24
77,33,1,11
77,34,1,15
77,35,1,16
77,36,1,24
77,37,1,18
77,38,1,11
77,39,0,21
77,40,1,13
77,41,1,22
77,42,1,14
77,43,1,14
77,44,1,18
77,45,1,12
77,46,1,12
77,47,1,8
77,48,1,14
77,49,1,9
77,50,1,12
77,51,1,11
77,52,1,7
77,53,0,17
77,54,1,13
77,55,1,10
77,56,1,15
77,57,1,12
77,58,1,20
77,59,1,12
77,60,1,17
77,61,1,13
77,62,1,14
77,63,1,20
78,0,1,11
78,1,1,7
78,2,1,11
78,3,1,5
78,4,1,9
78,5,1,7
78,6,1,9
78,7,1,8
78,8,1,6
78,9,1,11
78,10,1,6
78,11,1,8
78,12,1,7
78,13,1,9
78,14,1,6
78,15,1,5
78,16,1,5
78,17,1,7
78,18,1,8
78,19,1,7
78,20,1,6
78,21,1,9
78,22,1,5
78,23,1,7
78,24,1,9
78,25,1,8
78,26,1,7
78,27,1,13
78,28,1,6
78,29,1,12
78,30,1,5
78,31,1,6
78,32,1,5
78,33,1,6
78,34,1,5
78,35,1,5
78,36,1,4
78,37,1,6
78,38,1,5
78,39,1,6
78,40,1,5
78,41,1,7
78,42,1,13
78,43,1,8
78,44,1,9
78,45,1,5
78,46,0,15
78,47,0,20
78,48,1,10
78,49,1,8
78,50,1,6
78,51,1,8
78,52,1,6
78,53,1,6
78,54,1,14
78,55,1,7
78,56,1,5
78,57,1,5
78,58,1,5
78,59,1,5
78,60,1,13
78,61,1,6
78,62,1,8
78,63,1,9
79,0,0,51
79,1,1,44
79,2,1,27
79,3,1,61
79,4,0,49
79,5,1,77
79,6,1,17
79,7,1,53
79,8,1,65
79,9,1,55
79,10,1,37
79,11,1,50
79,12,0,26
79,13,1,38
79,14,1,31
79,15,0,45
79,16,1,25
79,17,1,63
79,18,0,29
79,19,1,33
79,20,0,30
79,21,1,53
79,22,1,22
79,23,0,24
79,24,1,29
79,25,0,40
79,26,1,21
79,27,1,27
79,28,1,16
79,29,1,29
79,30,1,22
79,31,0,36
79,32,1,44
79,33,0,28
79,34,1,20
79,35,1,31
79,36,1,22
79,37,1,49
79,38,1,28
79,39,1,36
79,40,1,17
79,41,0,28
79,42,1,33
79,43,1,53
79,44,1,27
79,45,1,29
79,46,1,21
79,47,1,25
79,48,1,31
79,49,1,22
79,50,1,34
79,51,1,16
79,52,1,19
79,53,1,15
79,54,1,39
79,55,1,17
79,56,1,14
79,57,1,14
79,58,1,17
79,59,1,17
79,60,1,25
79,61,1,23
79,62,1,17
79,63,1,23
80,0,1,17
80,1,1,17
80,2,1,17
80,3,1,31
80,4,1,15
80,5,1,18
80,6,1,14
80,7,1,13
80,8,1,22
80,9,1,12
80,10,1,18
80,11,1,24
80,12,1,14
80,13,1,14
80,14,1,16
80,15,1,25
80,16,1,29
80,17,1,24
80,18,1,14
80,19,1,17
80,20,1,15
80,21,1,13
80,22,1,14
80,23,1,13
80,24,1,13
80,25,1,13
80,26,1,13
80,27,1,9
80,28,1,14
80,29,1,11
80,30,1,12
80,31,1,12
80,32,1,21
80,33,1,12
80,34,1,8
80,35,1,21
80,36,1,13
80,37,1,20
80,38,1,11
80,39,1,14
80,40,1,15
80,41,1,10
80,42,1,14
80,43,1,18
80,44,1,12
80,45,1,12
80,46,1,19
80,47,1,11
80,48,1,20
80,49,1,14
80,50,1,11
80,51,0,34
80,52,1,16
80,53,1,14
80,54,1,27
80,55,0,21
80,56,1,18
80,57,1,10
80,58,1,17
80,59,1,13
80,60,1,11
80,61,1,18
80,62,1,12
80,63,0,23
82,0,0,39
82,1,0,29
82,2,0,33
82,3,1,31
82,4,1,14
82,5,1,19
82,6,1,10
82,7,1,15
82,8,1,10
82,9,1,7
82,10,1,11
82,11,1,12
82,12,1,16
82,13,1,7
82,14,1,9
82,15,1,20
82,16,0,23
82,17,1,12
82,18,1,9
82,19,1,15
82,20,1,8
82,21,1,9
82,22,1,9
82,23,1,12
82,24,1,7
82,25,1,8
82,26,1,8
82,27,1,6
82,28,1,9
82,29,1,7
82,30,1,7
82,31,1,7
82,32,1,7
82,33,1,6
82,34,0,17
82,35,1,19
82,36,1,14
82,37,1,10
82,38,1,22
82,39,1,8
82,40,1,11
82,41,1,8
82,42,1,6
82,43,1,7
82,44,1,18
82,45,1,23
82,46,1,7
82,47,1,11
82,48,1,8
82,49,1,7
82,50,1,8
82,51,1,9
82,52,1,5
82,53,1,11
82,54,1,16
82,55,1,18
82,56,1,8
82,57,1,6
82,58,1,13
82,59,1,8
82,60,1,10
82,61,1,12
82,62,1,7
82,63,1,9
84,0,1,37
84,1,0,34
84,2,1,17
84,3,1,13
84,4,1,13
84,5,1,8
84,6,1,11
84,7,1,8
84,8,0,25
84,9,1,11
84,10,1,21
84,11,1,9
84,12,1,7
84,13,1,11
84,14,1,7
84,15,1,7
84,16,1,8
84,17,1,5
84,18,1,9
84,19,1,9
84,20,1,15
84,21,1,10
84,22,1,9
84,23,1,12
84,24,1,9
84,25,1,7
84,26,1,6
84,27,1,8
84,28,1,9
84,29,1,14
84,30,1,6
84,31,1,6
84,32,1,11
84,33,1,10
84,34,1,16
84,35,1,9
84,36,1,5
84,37,1,12
84,38,1,6
84,39,1,10
84,40,0,26
84,41,1,9
84,42,1,9
84,43,1,11
84,44,1,17
84,45,1,9
84,46,1,7
84,47,1,10
84,48,1,6
84,49,1,10
84,50,1,9
84,51,1,7
84,52,1,9
84,53,1,6
84,54,1,8
84,55,1,6
84,56,1,7
84,57,1,22
84,58,1,8
84,59,1,8
84,60,1,8
84,61,1,9
84,62,1,6
84,63,1,9
87,0,0,30
87,1,1,18
87,2,1,11
87,3,1,19
87,4,1,10
87,5,1,10
87,6,1,13
87,7,1,14
87,8,1,12
87,9,1,11
87,10,1,12
87,11,1,17
87,12,1,13
87,13,1,24
87,14,1,8
87,15,1,12
87,16,1,18
87,17,1,7
87,18,1,9
87,19,1,11
87,20,1,7
87,21,0,14
87,22,1,12
87,23,1,10
87,24,1,13
87,25,1,10
87,26,1,10
87,27,1,9
87,28,1,27
87,29,1,12
87,30,1,12
87,31,1,14
87,32,1,15
87,33,1,6
87,34,1,17
87,35,1,19
87,36,1,32
87,37,1,8
87,38,1,12
87,39,1,16
87,40,1,9
87,41,1,7
87,42,1,11
87,43,1,7
87,44,1,11
87,45,1,12
87,46,0,23
87,47,0,11
87,48,1,6
87,49,1,10
87,50,1,7
87,51,1,10
87,52,1,6
87,53,1,7
87,54,1,8
87,55,1,10
87,56,1,6
87,57,1,9
87,58,1,10
87,59,1,8
87,60,1,21
87,61,1,6
87,62,1,9
87,63,1,9
88,0,1,22
88,1,1,14
88,2,1,22
88,3,1,16
88,4,1,14
88,5,1,19
88,6,1,13
88,7,1,13
88,8,1,15
88,9,1,16
88,10,1,12
88,11,1,11
88,12,1,16
88,13,1,13
88,14,1,18
88,15,1,12
88,16,1,11
88,17,1,13
88,18,1,13
88,19,1,9
88,20,1,12
88,21,1,15
88,22,1,13
88,23,1,10
88,24,1,14
88,25,1,14
88,26,1,15
88,27,1,13
88,28,1,12
88,29,1,11
88,30,1,14
88,31,1,13
88,32,1,14
88,33,1,15
88,34,1,18
88,35,1,23
88,36,1,32
88,37,1,28
88,38,1,11
88,39,1,25
88,40,1,12
88,41,1,13
88,42,1,12
88,43,1,10
88,44,1,52
88,45,1,10
88,46,1,14
88,47,1,14
88,48,1,14
88,49,1,11
88,50,1,13
88,51,1,11
88,52,1,12
88,53,1,13
88,54,1,14
88,55,1,7
88,56,0,24
88,57,1,12
88,58,1,16
88,59,1,14
88,60,1,14
88,61,1,11
88,62,1,16
88,63,1,19
89,0,1,26
89,1,1,20
89,2,1,11
89,3,0,39
89,4,0,32
89,5,0,43
89,6,0,10
89,7,1,16
89,8,1,30
89,9,1,25
89,10,1,13
89,11,1,42
89,12,1,11
89,13,1,8
89,14,1,18
89,15,1,11
89,16,1,27
89,17,1,9
89,18,1,11
89,19,1,10
89,20,1,13
89,21,1,13
89,22,1,20
89,23,0,23
89,24,1,18
89,25,1,13
89,26,1,13
89,27,1,13
89,28,1,15
89,29,1,32
89,30,1,15
89,31,1,11
89,32,1,9
89,33,1,17
89,34,1,10
89,35,1,9
89,36,1,18
89,37,1,7
89,38,1,9
89,39,1,10
89,40,1,7
89,41,1,11
89,42,1,11
89,43,1,14
89,44,1,7
89,45,1,19
89,46,1,10
89,47,1,14
89,48,1,11
89,49,1,7
89,50,1,8
89,51,1,11
89,52,1,12
89,53,1,11
89,54,1,15
89,55,1,7
89,56,1,7
89,57,1,12
89,58,0,17
89,59,1,6
89,60,1,7
89,61,1,14
89,62,0,16
89,63,0,13
90,0,1,44
90,1,1,19
90,2,1,11
90,3,1,15
90,4,1,13
90,5,1,12
90,6,1,13
90,7,1,22
90,8,1,12
90,9,1,13
90,10,1,10
90,11,1,12
90,12,1,14
90,13,1,13
90,14,1,10
90,15,1,16
90,16,1,10
90,17,1,14
90,18,1,10
90,19,1,12
90,20,1,10
90,21,1,10
90,22,1,11
90,23,1,10
90,24,1,13
90,25,1,13
90,26,1,10
90,27,1,10
90,28,1,13
90,29,1,10
90,30,1,10
90,31,1,14
90,32,1,14
90,33,1,9
90,34,1,12
90,35,1,12
90,36,1,11
90,37,1,13
90,38,1,13
90,39,1,14
90,40,1,9
90,41,1,11
90,42,1,11
90,43,1,9
90,44,1,10
90,45,1,10
90,46,1,11
90,47,1,11
90,48,1,9
90,49,1,11
90,50,1,10
90,51,1,11
90,52,1,11
90,53,1,15
90,54,1,12
90,55,1,10
90,56,1,11
90,57,1,12
90,58,1,10
90,59,1,11
90,60,1,12
90,61,1,10
90,62,1,11
90,63,1,18
92,0,1,24
92,1,1,17
92,2,1,15
92,3,1,13
92,4,1,17
92,5,1,12
92,6,1,10
92,7,1,11
92,8,1,13
92,9,1,13
92,10,1,13
92,11,1,10
92,12,1,14
92,13,1,13
92,14,1,15
92,15,1,12
92,16,1,15
92,17,1,12
92,18,1,13
92,19,1,11
92,20,1,20
92,21,1,17
92,22,1,11
92,23,1,9
92,24,1,24
92,25,1,11
92,26,1,18
92,27,1,20
92,28,1,10
92,29,1,15
92,30,1,14
92,31,1,12
92,32,1,8
92,33,1,13
92,34,1,18
92,35,1,17
92,36,1,14
92,37,1,15
92,38,1,10
92,39,1,18
92,40,1,14
92,41,1,18
92,42,1,12
92,43,1,13
92,44,1,8
92,45,1,7
92,46,1,10
92,47,1,13
92,48,1,12
92,49,1,9
92,50,1,11
92,51,1,10
92,52,1,11
92,53,1,8
92,54,1,10
92,55,1,10
92,56,1,11
92,57,0,24
92,58,1,11
92,59,1,11
92,60,1,20
92,61,1,18
92,62,1,8
92,63,1,11
101,0,1,26
101,1,0,41
101,2,0,51
101,3,1,48
101,4,0,29
101,5,1,30
101,6,1,30
101,7,1,25
101,8,1,26
101,9,1,26
101,10,1,17
101,11,1,13
101,12,1,15
101,13,1,31
101,14,1,22
101,15,1,22
101,16,1,19
101,17,1,17
101,18,1,25
101,19,0,23
101,20,1,20
101,21,1,31
101,22,1,30
101,23,0,29
101,24,1,20
101,25,1,14
101,26,1,14
101,27,1,13
101,28,1,24
101,29,1,18
101,30,1,14
101,31,1,42
101,32,1,36
101,33,0,21
101,34,1,27
101,35,1,26
101,36,1,28
101,37,1,42
101,38,1,11
101,39,1,16
101,40,1,33
101,41,1,15
101,42,1,14
101,43,1,9
101,44,1,9
101,45,1,18
101,46,1,15
101,47,1,19
101,48,1,13
101,49,1,13
101,50,1,15
101,51,1,14
101,52,1,26
101,53,1,12
101,54,1,9
101,55,1,15
101,56,1,11
101,57,0,34
101,58,1,12
101,59,1,10
101,60,1,11
101,61,1,29
101,62,1,14
101,63,1,13
106,0,1,22
106,1,1,11
106,2,1,26
106,3,1,16
106,4,1,13
106,5,1,10
106,6,1,11
106,7,1,19
106,8,1,15
106,9,1,16
106,10,1,21
106,11,1,10
106,12,1,16
106,13,1,14
106,14,1,11
106,15,1,10
106,16,1,12
106,17,1,11
106,18,1,16
106,19,1,11
106,20,1,13
106,21,1,14
106,22,1,7
106,23,1,12
106,24,1,15
106,25,1,16
106,26,1,21
106,27,1,13
106,28,1,17
106,29,1,13
106,30,1,11
106,31,1,6
106,32,1,11
106,33,1,10
106,34,1,11
106,35,1,11
106,36,1,6
106,37,1,14
106,38,1,12
106,39,1,7
106,40,1,11
106,41,1,5
106,42,1,6
106,43,1,7
106,44,1,11
106,45,1,11
106,46,1,10
106,47,1,7
106,48,1,11
106,49,1,15
106,50,1,12
106,51,1,9
106,52,1,13
106,53,1,11
106,54,1,9
106,55,1,10
106,56,1,9
106,57,1,10
106,58,1,10
106,59,1,27
106,60,1,9
106,61,1,11
106,62,1,8
106,63,1,8
107,0,0,68
107,1,1,22
107,2,1,10
107,3,1,7
107,4,1,13
107,5,1,7
107,6,1,10
107,7,1,11
107,8,1,11
107,9,1,10
107,10,1,7
107,11,1,9
107,12,1,8
107,13,1,10
107,14,1,5
107,15,1,11
107,16,1,10
107,17,1,8
107,18,1,12
107,19,1,10
107,20,1,12
107,21,1,7
107,22,1,10
107,23,1,10
107,24,1,9
107,25,1,8
107,26,1,7
107,27,1,15
107,28,1,7
107,29,1,5
107,30,1,5
107,31,1,6
107,32,1,7
107,33,1,7
107,34,1,5
107,35,1,8
107,36,1,11
107,37,1,9
107,38,1,5
107,39,1,6
107,40,1,9
107,41,1,7
107,42,1,6
107,43,1,6
107,44,1,5
107,45,1,6
107,46,1,7
107,47,1,6
107,48,1,7
107,49,1,4
107,50,1,8
107,51,1,7
107,52,1,8
107,53,0,15
107,54,1,8
107,55,1,6
107,56,1,5
107,57,1,5
107,58,1,4
107,59,0,14
107,60,1,14
107,61,1,7
107,62,1,5
107,63,1,10
108,0,1,49
108,1,1,45
108,2,1,43
108,3,1,39
108,4,1,25
108,5,1,33
108,6,1,28
108,7,1,16
108,8,1,18
108,9,1,12
108,10,1,24
108,11,1,16
108,12,1,14
108,13,1,27
108,14,1,13
108,15,1,14
108,16,1,26
108,17,1,14
108,18,1,27
108,19,1,10
108,20,1,22
108,21,1,16
108,22,1,20
108,23,1,16
108,24,1,25
108,25,1,10
108,26,1,18
108,27,1,25
108,28,1,25
108,29,1,24
108,30,1,23
108,31,1,21
108,32,1,22
108,33,1,10
108,34,1,21
108,35,1,45
108,36,1,13
108,37,1,12
108,38,1,11
108,39,1,10
108,40,1,26
108,41,1,9
108,42,1,15
108,43,1,9
108,44,1,31
108,45,1,11
108,46,1,10
108,47,1,27
108,48,1,12
108,49,1,22
108,50,1,24
108,51,1,22
108,52,1,27
108,53,1,19
108,54,1,11
108,55,1,12
108,56,1,14
108,57,1,21
108,58,1,15
108,59,1,32
108,60,1,10
108,61,1,19
108,62,1,27
108,63,1,19
109,0,1,36
109,1,1,46
109,2,1,29
109,3,1,25
109,4,1,20
109,5,1,20
109,6,1,25
109,7,1,22
109,8,1,22
109,9,1,17
109,10,1,34
109,11,1,17
109,12,1,19
109,13,1,20
109,14,1,21
109,15,1,24
109,16,1,28
109,17,1,26
109,18,1,21
109,19,1,26
109,20,1,19
109,21,1,22
109,22,1,19
109,23,1,18
109,24,1,17
109,25,1,16
109,26,1,23
109,27,1,25
109,28,1,15
109,29,1,25
109,30,1,20
109,31,1,23
109,32,1,18
109,33,1,16
109,34,1,18
109,35,1,19
109,36,1,20
109,37,1,15
109,38,1,26
109,39,1,20
109,40,1,17
109,41,1,16
109,42,1,21
109,43,1,18
109,44,1,15
109,45,1,22
109,46,1,13
109,47,1,17
109,48,1,15
109,49,1,15
109,50,1,18
109,51,1,13
109,52,1,15
109,53,1,15
109,54,1,14
109,55,1,20
109,56,1,24
109,57,1,17
109,58,1,13
109,59,1,16
109,60,1,15
109,61,1,13
109,62,1,14
109,63,1,15
110,0,1,19
110,1,1,18
110,2,1,18
110,3,1,11
110,4,1,34
110,5,1,10
110,6,0,34
110,7,0,28
110,8,1,16
110,9,0,50
110,10,1,49
110,11,1,15
110,12,1,14
110,13,1,17
110,14,1,10
110,15,0,41
110,16,0,10
110,17,1,25
110,18,1,16
110,19,1,20
110,20,1,12
110,21,1,23
110,22,1,12
110,23,1,13
110,24,1,8
110,25,1,12
110,26,1,15
110,27,1,9
110,28,1,16
110,29,1,9
110,30,1,9
110,31,1,9
110,32,1,9
110,33,1,10
110,34,1,8
110,35,1,11
110,36,1,11
110,37,1,7
110,38,1,8
110,39,1,7
110,40,1,10
110,41,1,11
110,42,1,10
110,43,1,11
110,44,1,8
110,45,1,7
110,46,1,13
110,47,1,10
110,48,1,10
110,49,1,9
110,50,1,11
110,51,1,8
110,52,1,7
110,53,1,7
110,54,1,9
110,55,1,10
110,56,1,12
110,57,1,15
110,58,1,10
110,59,1,8
110,60,1,9
110,61,1,13
110,62,0,19
110,63,1,10
111,0,0,28
111,1,1,57
111,2,1,30
111,3,1,19
111,4,1,20
111,5,1,7
111,6,1,28
111,7,1,30
111,8,1,70
111,9,1,62
111,10,1,18
111,11,0,21
111,12,1,39
111,13,1,21
111,14,1,28
111,15,1,16
111,16,1,9
111,17,1,19
111,18,1,13
111,19,1,16
111,20,1,19
111,21,1,13
111,22,1,12
111,23,1,10
111,24,1,41
111,25,1,22
111,26,1,12
111,27,1,14
111,28,1,14
111,29,1,24
111,30,1,12
111,31,1,12
111,32,1,21
111,33,1,11
111,34,1,19
111,35,1,10
111,36,1,10
111,37,1,11
111,38,1,14
111,39,1,26
111,40,1,22
111,41,1,20
111,42,1,21
111,43,1,16
111,44,1,21
111,45,1,12
111,46,1,20
111,47,1,23
111,48,1,11
111,49,1,8
111,50,1,20
111,51,1,9
111,52,1,12
111,53,1,9
111,54,1,8
111,55,1,9
111,56,1,7
111,57,1,6
111,58,1,9
111,59,1,11
111,60,1,20
111,61,1,37
111,62,1,4
111,63,1,5
112,0,1,12
112,1,1,8
112,2,1,9
112,3,1,12
112,4,1,16
112,5,1,8
112,6,1,17
112,7,1,13
112,8,1,12
112,9,1,12
112,10,1,7
112,11,1,10
112,12,1,8
112,13,0,16
112,14,1,12
112,15,1,11
112,16,0,19
112,17,1,12
112,18,1,12
112,19,1,7
112,20,1,9
112,21,1,9
112,22,1,9
112,23,1,7
112,24,0,22
112,25,1,10
112,26,1,11
112,27,1,7
112,28,0,18
112,29,1,9
112,30,1,12
112,31,1,9
112,32,1,11
112,33,1,7
112,34,1,14
112,35,1,9
112,36,1,7
112,37,1,10
112,38,1,15
112,39,1,11
112,40,1,8
112,41,1,7
112,42,1,7
112,43,1,12
112,44,1,10
112,45,1,10
112,46,1,6
112,47,1,7
112,48,1,9
112,49,1,7
112,50,1,6
112,51,1,6
112,52,1,7
112,53,1,7
112,54,1,5
112,55,1,8
112,56,1,15
112,57,1,10
112,58,1,7
112,59,1,7
112,60,1,7
112,61,1,9
112,62,1,9
112,63,1,13
113,0,1,52
113,1,0,128
113,2,1,39
113,3,1,32
113,4,1,25
113,5,1,15
113,6,1,19
113,7,1,15
113,8,1,14
113,9,1,50
113,10,1,39
113,11,1,51
113,12,1,53
113,13,1,26
113,14,1,20
113,15,1,21
113,16,1,25
113,17,1,18
113,18,1,36
113,19,1,22
113,20,1,25
113,21,1,33
113,22,1,25
113,23,1,18
113,24,1,20
113,25,1,29
113,26,1,27
113,27,1,23
113,28,1,27
113,29,1,32
113,30,1,29
113,31,1,26
113,32,1,21
113,33,1,27
113,34,1,28
113,35,1,74
113,36,1,26
113,37,1,47
113,38,1,25
113,39,1,32
113,40,1,17
113,41,1,22
113,42,1,30
113,43,1,31
113,44,1,27
113,45,1,20
113,46,1,21
113,47,1,23
113,48,1,25
113,49,1,22
113,50,1,30
113,51,1,24
113,52,1,22
113,53,1,25
113,54,1,21
113,55,1,17
113,56,1,30
113,57,1,39
113,58,1,30
113,59,1,25
113,60,1,20
113,61,1,25
113,62,1,14
113,63,1,17
114,0,0,21
114,1,1,19
114,2,1,11
114,3,1,15
114,4,1,13
114,5,1,10
114,6,1,20
114,7,1,14
114,8,1,11
114,9,1,14
114,10,1,12
114,11,1,15
114,12,1,7
114,13,1,12
114,14,1,20
114,15,1,8
114,16,1,13
114,17,1,8
114,18,1,8
114,19,1,8
114,20,1,9
114,21,1,6
114,22,1,12
114,23,1,6
114,24,1,14
114,25,1,10
114,26,1,7
114,27,1,8
114,28,1,6
114,29,1,7
114,30,1,53
114,31,1,9
114,32,1,9
114,33,1,11
114,34,1,7
114,35,1,21
114,36,1,7
114,37,1,6
114,38,1,6
114,39,1,12
114,40,1,7
114,41,1,14
114,42,1,5
114,43,1,12
114,44,1,7
114,45,1,10
114,46,1,11
114,47,1,7
114,48,1,6
114,49,1,8
114,50,1,10
114,51,1,9
114,52,1,13
114,53,1,6
114,54,1,9
114,55,1,23
114,56,0,49
114,57,1,8
114,58,1,5
114,59,1,6
114,60,1,8
114,61,1,11
114,62,1,5
114,63,1,7
116,0,1,22
116,1,1,10
116,2,1,10
116,3,1,8
116,4,1,11
116,5,1,5
116,6,1,6
116,7,1,14
116,8,1,5
116,9,1,8
116,10,1,9
116,11,1,5
116,12,1,11
116,13,1,8
116,14,1,9
116,15,1,31
116,16,1,76
116,17,1,9
116,18,1,5
116,19,1,55
116,20,1,10
116,21,1,14
116,22,1,16
116,23,0,19
116,24,1,23
116,25,1,16
116,26,1,9
116,27,1,11
116,28,1,7
116,29,1,12
116,30,1,7
116,31,1,4
116,32,1,13
116,33,1,5
116,34,1,18
116,35,1,7
116,36,1,5
116,37,1,5
116,38,1,25
116,39,1,9
116,40,1,8
116,41,1,7
116,42,1,7
116,43,1,9
116,44,1,8
116,45,1,7
116,46,1,11
116,47,1,16
116,48,1,5
116,49,1,8
116,50,1,22
116,51,1,11
116,52,1,10
116,53,1,6
116,54,1,15
116,55,1,7
116,56,1,9
116,57,1,10
116,58,1,11
116,59,1,7
116,60,1,5
116,61,1,6
116,62,1,5
116,63,1,8
118,0,1,15
118,1,0,33
118,2,0,32
118,3,1,58
118,4,1,22
118,5,1,33
118,6,1,16
118,7,1,11
118,8,1,6
118,9,1,8
118,10,1,42
118,11,1,9
118,12,1,6
118,13,1,11
118,14,1,5
118,15,1,6
118,16,1,15
118,17,1,9
118,18,1,8
118,19,1,9
118,20,1,7
118,21,1,12
118,22,1,12
118,23,0,16
118,24,1,12
118,25,1,12
118,26,1,12
118,27,1,8
118,28,1,5
118,29,1,8
118,30,1,11
118,31,1,9
118,32,1,34
118,33,1,9
118,34,1,10
118,35,1,11
118,36,1,9
118,37,0,17
118,38,1,6
118,39,1,15
118,40,1,6
118,41,1,6
118,42,1,9
118,43,1,6
118,44,1,7
118,45,1,6
118,46,1,8
118,47,1,14
118,48,1,8
118,49,1,8
118,50,1,7
118,51,1,7
118,52,1,9
118,53,0,15
118,54,1,9
118,55,1,6
118,56,1,6
118,57,1,8
118,58,1,8
118,59,1,8
118,60,1,7
118,61,1,8
118,62,1,5
118,63,1,25
120,0,1,24
120,1,1,13
120,2,1,19
120,3,1,10
120,4,1,32
120,5,1,43
120,6,0,32
120,7,1,13
120,8,1,15
120,9,1,17
120,10,0,64
120,11,1,15
120,12,0,29
120,13,1,19
120,14,1,30
120,15,1,15
120,16,1,24
120,17,1,27
120,18,1,14
120,19,1,33
120,20,1,12
120,21,0,20
120,22,1,9
120,23,0,17
120,24,0,21
120,25,1,16
120,26,1,19
120,27,0,20
120,28,1,12
120,29,1,8
120,30,1,10
120,31,1,16
120,32,1,29
120,33,1,19
120,34,0,27
120,35,1,12
120,36,0,21
120,37,1,12
120,38,1,21
120,39,1,9
120,40,1,8
120,41,1,9
120,42,1,9
120,43,1,11
120,44,0,17
120,45,0,15
120,46,1,8
120,47,1,9
120,48,1,16
120,49,1,11
120,50,1,15
120,51,1,10
120,52,1,15
120,53,1,11
120,54,1,10
120,55,1,7
120,56,1,8
120,57,1,22
120,58,0,27
120,59,1,16
120,60,1,8
120,61,1,18
120,62,1,8
120,63,1,34
121,0,1,23
121,1,1,15
121,2,1,40
121,3,1,17
121,4,1,11
121,5,1,16
121,6,0,14
121,7,1,30
121,8,0,28
121,9,0,29
121,10,1,29
121,11,1,12
121,12,1,7
121,13,1,9
121,14,1,10
121,15,1,9
121,16,1,8
121,17,1,16
121,18,1,7
121,19,1,10
121,20,1,9
121,21,1,7
121,22,1,7
121,23,1,8
121,24,1,7
121,25,1,12
121,26,1,7
121,27,1,8
121,28,1,7
121,29,1,7
121,30,0,18
121,31,1,12
121,32,1,7
121,33,0,21
121,34,1,19
121,35,1,7
121,36,1,10
121,37,1,8
121,38,1,11
121,39,1,5
121,40,1,6
121,41,1,8
121,42,1,10
121,43,0,18
121,44,1,10
121,45,1,13
121,46,1,5
121,47,1,13
121,48,1,12
121,49,1,21
121,50,1,7
121,51,1,11
121,52,1,9
121,53,1,15
121,54,1,10
121,55,1,13
121,56,0,15
121,57,1,13
121,58,1,9
121,59,1,22
121,60,1,9
121,61,1,7
121,62,0,19
121,63,1,11
123,0,0,72
123,1,1,25
123,2,1,15
123,3,1,24
123,4,1,30
123,5,1,42
123,6,1,22
123,7,1,36
123,8,1,16
123,9,1,18
123,10,1,14
123,11,1,25
123,12,1,13
123,13,1,11
123,14,1,16
123,15,1,16
123,16,1,13
123,17,1,11
123,18,1,10
123,19,1,12
123,20,1,14
123,21,1,13
123,22,1,20
123,23,1,19
123,24,1,20
123,25,1,15
123,26,1,10
123,27,0,27
123,28,1,19
123,29,1,12
123,30,1,16
123,31,1,25
123,32,1,14
123,33,1,10
123,34,1,11
123,35,1,11
123,36,1,17
123,37,1,12
123,38,1,23
123,39,1,21
123,40,1,8
123,41,1,11
123,42,1,16
123,43,1,12
123,44,1,12
123,45,1,15
123,46,1,12
123,47,1,28
123,48,0,26
123,49,1,25
123,50,0,27
123,51,1,27
123,52,1,11
123,53,1,11
123,54,1,10
123,55,1,12
123,56,1,10
123,57,1,20
123,58,1,15
123,59,1,18
123,60,1,15
123,61,1,23
123,62,1,29
123,63,1,12
126,0,0,19
126,1,1,7
126,2,0,17
126,3,0,47
126,4,1,27
126,5,0,130
126,6,0,130
126,7,0,130
126,8,0,67
126,9,0,37
126,10,0,30
126,11,1,14
126,12,0,23
126,13,1,39
126,14,1,84
126,15,1,75
126,16,1,33
126,17,1,53
126,18,1,81
126,19,1,60
126,20,1,15
126,21,1,18
126,22,0,46
126,23,1,36
126,24,1,22
126,25,1,61
126,26,1,25
126,27,1,17
126,28,1,14
126,29,1,13
126,30,1,37
126,31,1,13
126,32,1,27
126,33,1,28
126,34,1,12
126,35,1,13
126,36,1,14
126,37,0,44
126,38,1,9
126,39,1,15
126,40,1,15
126,41,1,10
126,42,1,11
126,43,0,19
126,44,0,10
126,45,1,11
126,46,1,11
126,47,1,12
126,48,1,9
126,49,1,11
126,50,1,12
126,51,1,7
126,52,1,12
126,53,1,13
126,54,1,8
126,55,1,10
126,56,1,14
126,57,1,9
126,58,1,11
126,59,1,6
126,60,1,9
126,61,1,17
126,62,1,10
126,63,1,16
127,0,1,14
127,1,1,8
127,2,1,9
127,3,1,9
127,4,1,8
127,5,0,15
127,6,1,8
127,7,1,11
127,8,1,11
127,9,1,12
127,10,1,7
127,11,1,10
127,12,1,9
127,13,1,7
127,14,1,10
127,15,1,7
127,16,1,10
127,17,1,10
127,18,1,11
127,19,1,10
127,20,1,7
127,21,1,5
127,22,1,13
127,23,1,7
127,24,1,9
127,25,1,7
127,26,1,7
127,27,1,6
127,28,1,8
127,29,1,8
127,30,1,5
127,31,1,6
127,32,1,6
127,33,1,9
127,34,1,4
127,35,1,7
127,36,1,7
127,37,1,7
127,38,1,7
127,39,1,7
127,40,1,6
127,41,1,8
127,42,1,7
127,43,1,8
127,44,1,6
127,45,1,7
127,46,1,5
127,47,1,7
127,48,1,5
127,49,1,8
127,50,1,8
127,51,1,5
127,52,1,5
127,53,1,5
127,54,1,5
127,55,1,5
127,56,1,7
127,57,1,5
127,58,1,16
127,59,1,6
127,60,1,8
127,61,1,13
127,62,1,10
127,63,1,7
133,0,0,31
133,1,1,50
133,2,1,10
133,3,1,10
133,4,1,8
133,5,1,10
133,6,1,11
133,7,1,12
133,8,1,28
133,9,1,9
133,10,1,14
133,11,1,30
133,12,1,11
133,13,1,9
133,14,1,15
133,15,1,11
133,16,1,8
133,17,1,10
133,18,0,40
133,19,1,26
133,20,0,20
133,21,1,32
133,22,1,9
133,23,1,20
133,24,0,46
133,25,0,31
133,26,1,19
133,27,1,13
133,28,1,9
133,29,1,14
133,30,1,18
133,31,1,22
133,32,1,22
133,33,1,25
133,34,0,36
133,35,1,32
133,36,1,7
133,37,1,43
133,38,1,12
133,39,1,13
133,40,1,8
133,41,1,10
133,42,1,20
133,43,1,13
133,44,1,13
133,45,1,71
133,46,1,8
133,47,1,7
133,48,1,10
133,49,1,16
133,50,1,7
133,51,1,17
133,52,1,11
133,53,1,28
133,54,1,26
133,55,1,12
133,56,1,91
133,57,1,6
133,58,1,11
133,59,1,62
133,60,1,16
133,61,1,39
133,62,1,10
133,63,1,10
136,0,1,38
136,1,1,16
136,2,1,47
136,3,0,83
136,4,1,24
136,5,1,36
136,6,1,49
136,7,0,74
136,8,1,38
136,9,0,42
136,10,1,55
136,11,1,55
136,12,1,15
136,13,1,59
136,14,0,39
136,15,1,38
136,16,1,60
136,17,1,41
136,18,1,61
136,19,0,40
136,20,1,32
136,21,1,37
136,22,1,49
136,23,1,32
136,24,1,36
136,25,1,16
136,26,1,70
136,27,1,19
136,28,1,25
136,29,1,24
136,30,0,32
136,31,1,19
136,32,1,39
136,33,0,48
136,34,1,36
136,35,1,35
136,36,1,19
136,37,1,29
136,38,1,22
136,39,1,41
136,40,1,17
136,41,1,32
136,42,1,18
136,43,1,28
136,44,1,45
136,45,1,23
136,46,1,17
136,47,1,20
136,48,1,25
136,49,1,42
136,50,1,42
136,51,0,20
136,52,1,39
136,53,1,32
136,54,1,31
136,55,0,26
136,56,1,21
136,57,1,21
136,58,0,20
136,59,1,24
136,60,1,30
136,61,1,20
136,62,1,13
136,63,1,21
137,0,1,24
137,1,1,10
137,2,1,11
137,3,1,16
137,4,1,9
137,5,1,8
137,6,1,16
137,7,1,11
137,8,1,16
137,9,1,10
137,10,0,21
137,11,1,11
137,12,1,9
137,13,1,7
137,14,1,10
137,15,1,9
137,16,1,12
137,17,1,7
137,18,1,8
137,19,1,9
137,20,1,11
137,21,1,7
137,22,1,13
137,23,1,14
137,24,1,9
137,25,1,6
137,26,1,8
137,27,1,6
137,28,1,12
137,29,1,8
137,30,1,6
137,31,1,8
137,32,1,9
137,33,1,11
137,34,1,6
137,35,1,11
137,36,0,18
137,37,1,10
137,38,1,8
137,39,1,7
137,40,1,7
137,41,1,7
137,42,1,7
137,43,1,6
137,44,1,10
137,45,1,7
137,46,1,6
137,47,1,6
137,48,1,10
137,49,1,10
137,50,1,12
137,51,1,8
137,52,1,11
137,53,1,7
137,54,1,11
137,55,1,6
137,56,1,10
137,57,1,8
137,58,1,6
137,59,1,6
137,60,1,8
137,61,1,6
137,62,1,7
137,63,1,9
138,0,1,104
138,1,1,51
138,2,0,54
138,3,0,108
138,4,1,108
138,5,1,101
138,6,1,106
138,7,1,54
138,8,1,80
138,9,1,70
138,10,1,17
138,11,1,70
138,12,1,55
138,13,1,57
138,14,1,52
138,15,1,62
138,16,1,48
138,17,0,49
138,18,1,99
138,19,1,47
138,20,1,60
138,21,1,69
138,22,1,64
138,23,1,16
138,24,1,13
138,25,0,18
138,26,1,81
138,27,1,21
138,28,1,53
138,29,0,35
138,30,1,46
138,31,1,116
138,32,1,72
138,33,0,90
138,34,1,46
138,35,1,99
138,36,0,32
138,37,1,42
138,38,0,61
138,39,1,42
138,40,1,52
138,41,1,55
138,42,1,29
138,43,1,20
138,44,1,15
138,45,1,11
138,46,1,22
138,47,1,91
138,48,1,12
138,49,1,12
138,50,1,15
138,51,0,33
138,52,0,26
138,53,0,27
138,54,1,88
138,55,1,96
138,56,1,57
138,57,1,105
138,58,1,78
138,59,1,8
138,60,0,31
138,61,0,85
138,62,0,13
138,63,1,79
142,0,1,22
142,1,1,31
142,2,1,20
142,3,1,22
142,4,1,20
142,5,1,16
142,6,1,26
142,7,1,16
142,8,1,17
142,9,1,20
142,10,1,39
142,11,1,19
142,12,1,16
142,13,1,13
142,14,1,21
142,15,1,16
142,16,0,23
142,17,1,17
142,18,1,12
142,19,1,32
142,20,1,16
142,21,1,14
142,22,1,21
142,23,1,15
142,24,1,14
142,25,1,19
142,26,1,17
142,27,1,16
142,28,1,39
142,29,1,12
142,30,1,14
142,31,1,12
142,32,1,10
142,33,1,12
142,34,1,10
142,35,1,15
142,36,1,11
142,37,1,19
142,38,1,14
142,39,1,11
142,40,1,20
142,41,1,15
142,42,1,20
142,43,1,11
142,44,1,10
142,45,1,21
142,46,1,11
142,47,1,11
142,48,1,18
142,49,1,12
142,50,1,16
142,51,1,11
142,52,1,11
142,53,1,9
142,54,1,10
142,55,1,13
142,56,1,11
142,57,1,13
142,58,1,10
142,59,1,11
142,60,1,13
142,61,1,12
142,62,1,12
142,63,1,14
143,0,0,36
143,1,1,28
143,2,1,49
143,3,1,30
143,4,0,50
143,5,1,23
143,6,1,16
143,7,1,17
143,8,1,36
143,9,1,26
143,10,1,20
143,11,1,23
143,12,0,47
143,13,1,35
143,14,1,17
143,15,1,16
143,16,1,13
143,17,1,11
143,18,1,7
143,19,1,11
143,20,1,13
143,21,1,14
143,22,1,15
143,23,1,21
143,24,1,10
143,25,1,11
143,26,1,11
143,27,1,17
143,28,0,23
143,29,1,34
143,30,1,11
143,31,1,11
143,32,1,9
143,33,1,13
143,34,1,23
143,35,1,14
143,36,1,13
143,37,1,10
143,38,1,9
143,39,1,16
143,40,1,25
143,41,1,9
143,42,1,10
143,43,1,9
143,44,1,6
143,45,1,14
143,46,1,12
143,47,1,7
143,48,1,11
143,49,1,5
143,50,1,11
143,51,1,11
143,52,0,20
143,53,1,8
143,54,1,17
143,55,1,13
143,56,1,8
143,57,1,10
143,58,1,8
143,59,1,11
143,60,1,15
143,61,1,7
143,62,1,14
143,63,1,8
144,0,1,53
144,1,0,76
144,2,1,33
144,3,1,53
144,4,1,91
144,5,1,27
144,6,1,30
144,7,1,19
144,8,1,48
144,9,1,37
144,10,1,25
144,11,1,58
144,12,1,45
144,13,1,25
144,14,1,23
144,15,1,21
144,16,1,32
144,17,1,18
144,18,1,38
144,19,1,27
144,20,1,27
144,21,1,25
144,22,1,30
144,23,1,18
144,24,1,28
144,25,1,21
144,26,1,18
144,27,1,15
144,28,1,15
144,29,1,28
144,30,1,23
144,31,1,17
144,32,1,18
144,33,1,17
144,34,1,14
144,35,1,15
144,36,1,18
144,37,1,14
144,38,1,16
144,39,1,12
144,40,1,14
144,41,1,10
144,42,1,10
144,43,1,10
144,44,1,12
144,45,1,10
144,46,1,12
144,47,1,12
144,48,1,11
144,49,1,13
144,50,1,10
144,51,1,13
144,52,1,20
144,53,1,12
144,54,1,13
144,55,1,11
144,56,1,14
144,57,1,9
144,58,1,10
144,59,1,21
144,60,1,13
144,61,1,12
144,62,1,13
144,63,1,15
146,0,1,30
146,1,1,22
146,2,0,58
146,3,1,35
146,4,1,24
146,5,1,12
146,6,1,14
146,7,1,18
146,8,1,12
146,9,1,22
146,10,1,20
146,11,1,22
146,12,1,17
146,13,1,57
146,14,1,17
146,15,1,23
146,16,1,17
146,17,1,19
146,18,1,13
146,19,1,15
146,20,1,18
146,21,1,14
146,22,1,13
146,23,1,17
146,24,1,29
146,25,0,48
146,26,1,16
146,27,1,17
146,28,1,15
146,29,1,17
146,30,1,14
146,31,1,16
146,32,1,23
146,33,1,14
146,34,1,19
146,35,1,17
146,36,1,23
146,37,1,20
146,38,1,18
146,39,1,13
146,40,1,14
146,41,1,13
146,42,1,16
146,43,1,12
146,44,1,14
146,45,1,12
146,46,1,14
146,47,1,22
146,48,1,17
146,49,1,14
146,50,1,11
146,51,1,12
146,52,1,16
146,53,1,12
146,54,1,13
146,55,1,14
146,56,1,21
146,57,1,16
146,58,1,12
146,59,1,13
146,60,1,25
146,61,1,14
146,62,1,14
146,63,1,22
147,0,1,40
147,1,0,30
147,2,1,17
147,3,1,29
147,4,1,22
147,5,0,51
147,6,1,32
147,7,0,20
147,8,0,32
147,9,0,34
147,10,1,9
147,11,0,30
147,12,1,35
147,13,1,16
147,14,1,15
147,15,1,40
147,16,1,10
147,17,1,8
147,18,1,13
147,19,1,11
147,20,1,12
147,21,1,8
147,22,1,10
147,23,1,10
147,24,1,12
147,25,1,7
147,26,1,11
147,27,1,14
147,28,1,35
147,29,1,21
147,30,1,7
147,31,1,12
147,32,1,13
147,33,1,12
147,34,1,18
147,35,1,7
147,36,1,11
147,37,1,8
147,38,1,9
147,39,1,11
147,40,1,9
147,41,1,10
147,42,0,19
147,43,1,11
147,44,1,19
147,45,1,11
147,46,1,7
147,47,1,8
147,48,1,9
147,49,1,6
147,50,1,17
147,51,1,9
147,52,1,18
147,53,1,8
147,54,1,6
147,55,1,7
147,56,1,10
147,57,1,18
147,58,1,6
147,59,1,10
147,60,1,21
147,61,1,7
147,62,1,6
147,63,1,7
148,0,1,23
148,1,0,35
148,2,1,29
148,3,1,22
148,4,1,18
148,5,1,15
148,6,1,12
148,7,1,9
148,8,1,7
148,9,0,16
148,10,1,16
148,11,1,11
148,12,1,9
148,13,1,7
148,14,1,7
148,15,1,5
148,16,1,11
148,17,1,17
148,18,0,27
148,19,1,7
148,20,1,9
148,21,1,7
148,22,1,11
148,23,0,16
148,24,1,15
148,25,1,12
148,26,1,12
148,27,1,8
148,28,1,12
148,29,1,10
148,30,1,10
148,31,1,10
148,32,1,6
148,33,1,6
148,34,1,13
148,35,1,7
148,36,1,8
148,37,1,12
148,38,1,11
148,39,1,17
148,40,1,12
148,41,1,14
148,42,1,22
148,43,1,8
148,44,1,15
148,45,1,9
148,46,1,11
148,47,1,10
148,48,0,19
148,49,1,14
148,50,1,9
148,51,1,11
148,52,1,12
148,53,1,7
148,54,1,18
148,55,1,13
148,56,1,9
148,57,1,10
148,58,1,8
148,59,1,7
148,60,1,10
148,61,1,8
148,62,1,6
148,63,1,11
150,0,1,44
150,1,1,13
150,2,0,37
150,3,1,11
150,4,0,19
150,5,0,53
150,6,0,75
150,7,1,29
150,8,1,23
150,9,1,23
150,10,1,19
150,11,1,61
150,12,1,13
150,13,1,50
150,14,1,11
150,15,1,17
150,16,1,18
150,17,0,22
150,18,0,37
150,19,1,21
150,20,1,29
150,21,1,34
150,22,1,12
150,23,1,30
150,24,0,22
150,25,1,19
150,26,1,12
150,27,1,7
150,28,1,18
150,29,1,9
150,30,1,11
150,31,1,17
150,32,1,11
150,33,1,14
150,34,1,15
150,35,1,9
150,36,1,14
150,37,1,8
150,38,1,10
150,39,0,28
150,40,1,14
150,41,1,14
150,42,0,21
150,43,1,11
150,44,1,9
150,45,1,27
150,46,1,15
150,47,1,15
150,48,1,16
150,49,1,13
150,50,1,15
150,51,1,17
150,52,1,13
150,53,1,12
150,54,1,22
150,55,1,9
150,56,1,12
150,57,1,15
150,58,1,28
150,59,1,9
150,60,1,12
150,61,0,21
150,62,1,12
150,63,1,22
152,0,1,46
152,1,1,12
152,2,1,25
152,3,1,15
152,4,1,14
152,5,1,15
152,6,1,23
152,7,1,11
152,8,1,21
152,9,1,20
152,10,1,12
152,11,1,20
152,12,1,14
152,13,1,15
152,14,1,21
152,15,1,16
152,16,1,22
152,17,1,14
152,18,1,10
152,19,1,9
152,20,1,12
152,21,1,10
152,22,1,8
152,23,1,8
152,24,1,11
152,25,1,20
152,26,1,14
152,27,1,11
152,28,1,14
152,29,1,17
152,30,1,22
152,31,1,8
152,32,1,12
152,33,1,12
152,34,1,11
152,35,1,9
152,36,1,13
152,37,1,14
152,38,1,14
152,39,1,14
152,40,1,10
152,41,1,9
152,42,1,31
152,43,1,9
152,44,1,10
152,45,1,16
152,46,1,10
152,47,1,19
152,48,1,10
152,49,1,7
152,50,1,17
152,51,1,12
152,52,1,10
152,53,1,13
152,54,1,9
152,55,1,6
152,56,1,15
152,57,1,7
152,58,1,10
152,59,1,15
152,60,1,13
152,61,1,19
152,62,1,10
152,63,1,20
153,0,0,27
153,1,0,48
153,2,0,27
153,3,0,28
153,4,1,27
153,5,0,49
153,6,1,19
153,7,1,49
153,8,1,40
153,9,1,28
153,10,1,42
153,11,1,20
153,12,1,19
153,13,1,33
153,14,1,38
153,15,1,28
153,16,1,39
153,17,1,63
153,18,1,36
153,19,1,50
153,20,1,23
153,21,1,11
153,22,1,20
153,23,1,13
153,24,1,34
153,25,1,13
153,26,1,16
153,27,1,16
153,28,1,11
153,29,1,34
153,30,1,24
153,31,1,13
153,32,1,39
153,33,1,12
153,34,1,13
153,35,1,9
153,36,1,17
153,37,1,9
153,38,1,19
153,39,1,10
153,40,1,11
153,41,1,20
153,42,1,11
153,43,1,12
153,44,1,28
153,45,0,16
153,46,1,64
153,47,1,18
153,48,1,13
153,49,1,17
153,50,1,13
153,51,1,22
153,52,1,17
153,53,1,12
153,54,0,40
153,55,1,28
153,56,1,18
153,57,1,13
153,58,1,24
153,59,1,15
153,60,1,19
153,61,1,14
153,62,1,30
153,63,1,31