"0","# get the predictions for each value of the Likert scale "
"0","df.model = fit.brm_metric %>% "
"0","  parameters(centrality = ""mean"") %>% "
"0","  as_tibble() %>% "
"0","  select(term = Parameter, estimate = Mean) %>% "
"0","  mutate(term = str_remove(term, ""b_"")) %>% "
"0","  pivot_wider(names_from = term,"
"0","              values_from = estimate) %>% "
"0","  clean_names() %>%"
"0","  mutate(across(.cols = id2:id6,"
"0","                .fns = ~ . + intercept)) %>% "
"0","  rename_with(.fn = ~ c(str_c(""mu_"", 1:6), ""sigma"")) %>% "
"0","  pivot_longer(cols = everything(),"
"0","               names_to = c(""parameter"", ""movie""),"
"0","               names_sep = ""_"","
"0","               values_to = ""value"") %>% "
"0","  pivot_wider(names_from = parameter, "
"0","              values_from = value) %>% "
"0","  mutate(data = map(.x = mu, "
"0","                    .f = ~ tibble(x = 1:5,"
"0","                                  y  = dnorm(x, mean = .x)))) %>% "
"0","  select(movie, data) %>% "
"0","  unnest(c(data)) %>% "
"0","  group_by(movie) %>% "
"0","  mutate(y = y/sum(y)) %>% "
"0","  ungroup() %>% "
"0","  rename(id = movie)"
"2","Possible multicollinearity between b_id6 and b_id3 (r = 0.73), b_id5 and b_id4 (r = 0.73), b_id6 and b_id5 (r = 0.77). This might lead to inappropriate results. See 'Details' in '?rope'.
"
"2","Warning:"
"2"," Expected 2 pieces. Missing pieces filled with `NA` in 1 rows [7].
"
"0","# visualize the predictions "
"0","df.plot = df.movies %>% "
"0","  count(id, stars) %>% "
"0","  group_by(id) %>% "
"0","  mutate(p = n / sum(n)) %>% "
"0","  mutate(stars = as.factor(stars))"
"2","Error in count(., id, stars) : object 'df.movies' not found
"
