"0","# data "
"0","data = c(0, 1, 1, 0, 1, 1, 1, 1)"
"0",""
"0","# whether observation is a success or failure "
"0","success = c(0, cumsum(data)) "
"0","failure = c(0, cumsum(1 - data))"
"0","# I've added 0 at the beginning to show the prior"
"0",""
"0","# plotting function"
"0","fun.plot_beta = function(success, failure){"
"0","  ggplot(data = tibble(x = c(0, 1)),"
"0","         mapping = aes(x = x)) +"
"0","    stat_function(fun = dbeta,"
"0","                  args = list(shape1 = success + 1, shape2 = failure + 1),"
"0","                  geom = ""area"","
"0","                  color = ""black"","
"0","                  fill = ""lightblue"") +"
"0","    coord_cartesian(expand = F) +"
"0","    scale_x_continuous(breaks = seq(0.25, 0.75, 0.25)) + "
"0","    theme(axis.title = element_blank(),"
"0","          axis.text.y = element_blank(),"
"0","          axis.ticks.y = element_blank(),"
"0","          plot.margin = margin(r = 1, t = 0.5, unit = ""cm""))"
"0","}"
"0",""
"0","# generate the plots "
"0","plots = map2(success, failure, ~ fun.plot_beta(.x, .y))"
"0",""
"0","# make a grid of plots"
"0","wrap_plots(plots, ncol = 3)"
