{"chunk_definitions":[{"row":15,"row_count":1,"visible":true,"expansion_state":0,"options":{"engine":"r","include":false,"eval":false,"label":"unnamed-chunk-1"},"document_id":"17B3E8C1","chunk_id":"cn3y860aliutl","chunk_label":"unnamed-chunk-1"},{"row":45,"row_count":1,"visible":true,"expansion_state":0,"options":{"engine":"r","message":false,"label":"unnamed-chunk-1","dev":"png"},"document_id":"22BF5943","chunk_id":"c7rl86k4cvwch","chunk_label":"unnamed-chunk-2"},{"row":54,"row_count":1,"visible":true,"expansion_state":0,"options":{"engine":"r","label":"unnamed-chunk-2","dev":"png"},"document_id":"22BF5943","chunk_id":"casiam56g6hcw","chunk_label":"unnamed-chunk-3"},{"row":70,"row_count":1,"visible":true,"expansion_state":0,"options":{"engine":"r","warning":false,"message":false,"label":"unnamed-chunk-3","dev":"png"},"document_id":"22BF5943","chunk_id":"c1vh8s8glw7a3","chunk_label":"unnamed-chunk-4"},{"row":89,"row_count":1,"visible":true,"expansion_state":0,"options":{"engine":"r","echo":false,"fig.cap":"Description of the different variables in the df.credit data set.","label":"unnamed-chunk-4","dev":"png"},"document_id":"22BF5943","chunk_id":"cygbbs1aukem8","chunk_label":"unnamed-chunk-5"},{"row":112,"row_count":1,"visible":true,"expansion_state":0,"options":{"engine":"r","label":"unnamed-chunk-5","dev":"png"},"document_id":"22BF5943","chunk_id":"c6d02l1vnnvok","chunk_label":"unnamed-chunk-7"},{"row":137,"row_count":1,"visible":true,"expansion_state":0,"options":{"engine":"r","fig.cap":"Bar plot illustrating how strongly different variables correlate with income.","label":"unnamed-chunk-6","dev":"png"},"document_id":"22BF5943","chunk_id":"ceu9y603vlc23","chunk_label":"unnamed-chunk-8"},{"row":150,"row_count":1,"visible":true,"expansion_state":0,"options":{"engine":"r","fig.caption":"Correlation plot showing the pairwise correlations between different variables.","label":"unnamed-chunk-7","dev":"png"},"document_id":"22BF5943","chunk_id":"c7uqyc2coytzh","chunk_label":"unnamed-chunk-9"},{"row":156,"row_count":1,"visible":true,"expansion_state":0,"options":{"engine":"r","fig.cap":"Pairwise correlations with scatter plots, correlation values, and densities on the diagonal.","label":"unnamed-chunk-8","dev":"png"},"document_id":"22BF5943","chunk_id":"ctobu5q26o92g","chunk_label":"unnamed-chunk-10"},{"row":167,"row_count":1,"visible":true,"expansion_state":0,"options":{"engine":"r","fig.cap":"Pairwise correlations with scatter plots, correlation values, and densities on the diagonal (customized).","label":"unnamed-chunk-9","dev":"png"},"document_id":"22BF5943","chunk_id":"c5rsmb0rou049","chunk_label":"unnamed-chunk-11"},{"row":196,"row_count":1,"visible":true,"expansion_state":0,"options":{"engine":"r","label":"unnamed-chunk-11","dev":"png"},"document_id":"22BF5943","chunk_id":"ctbbjoiuf1wz0","chunk_label":"unnamed-chunk-12"},{"row":237,"row_count":1,"visible":true,"expansion_state":0,"options":{"engine":"r","label":"unnamed-chunk-12","dev":"png"},"document_id":"22BF5943","chunk_id":"cb1jyem62kwvo","chunk_label":"unnamed-chunk-14"}],"doc_write_time":1738295655}