"0","set.seed(1)"
"0",""
"0","n = 100 # number of observations"
"0",""
"0","# common cause"
"0","df.common_cause = tibble(z = rnorm(n, 0, 1),"
"0","                         x = 2 * z + rnorm(n, 0, 1), "
"0","                         y = 2 * z + rnorm(n, 0, 1)) "
"0",""
"0","# visualize the graph "
"0","g = grViz("""
"0","digraph neato {"
"0","  "
"0","  graph[layout = neato]"
"0","  "
"0","  # general settings for all nodes"
"0","  node ["
"0","    shape = circle,"
"0","    style = filled,"
"0","    color = black,"
"0","    label = ''"
"0","    fontname = 'Helvetica',"
"0","    fontsize = 16,"
"0","    fillcolor = lightblue"
"0","    ]"
"0","  "
"0","  # labels for each node"
"0","  x [label = 'X' pos = '0,0!']"
"0","  z [label = 'Z'  pos = '1,1!']"
"0","  y [label = 'Y' pos = '2,0!']"
"0","  "
"0","  # edges between nodes"
"0","  edge [color = black]"
"0","  z -> x"
"0","  z -> y"
"0",""
"0","  # direction in which arrows are drawn (from left to right)"
"0","  rankdir = LR"
"0","}"
"0",""") "
"0","g"
