{"chunk_definitions":[{"row":15,"row_count":1,"visible":true,"expansion_state":0,"options":{"engine":"r","include":false,"eval":false,"label":"unnamed-chunk-1"},"document_id":"17B3E8C1","chunk_id":"cn3y860aliutl","chunk_label":"unnamed-chunk-1"},{"row":45,"row_count":1,"visible":true,"expansion_state":0,"options":{"engine":"r","message":false,"label":"unnamed-chunk-2"},"document_id":"17B3E8C1","chunk_id":"ce4h6z4g1o928","chunk_label":"unnamed-chunk-2"},{"row":54,"row_count":1,"visible":true,"expansion_state":0,"options":{"engine":"r","label":"unnamed-chunk-3"},"document_id":"17B3E8C1","chunk_id":"ccerutafwkgdv","chunk_label":"unnamed-chunk-3"},{"row":70,"row_count":1,"visible":true,"expansion_state":0,"options":{"engine":"r","warning":false,"message":false,"label":"unnamed-chunk-6"},"document_id":"17B3E8C1","chunk_id":"c74ozbeh44114","chunk_label":"unnamed-chunk-4"}],"doc_write_time":1643348201}