"0","# make example reproducible "
"0","set.seed(1)"
"0",""
"0","sample_size = 20"
"0","b0 = 1"
"0","b1 = 2"
"0","sd_residual = 0.5"
"0","sd_participant = 0.5"
"0","mean_group1 = 1"
"0","mean_group2 = 10"
"0",""
"0","df.mixed = tibble("
"0","  condition = rep(0:1, each = sample_size), "
"0","  participant = rep(1:sample_size, 2)) %>% "
"0","  group_by(participant) %>% "
"0","  mutate(group = sample(1:2, size = 1),"
"0","         intercept = ifelse(group == 1,"
"0","                            rnorm(n(), mean = mean_group1, sd = sd_participant),"
"0","                            rnorm(n(), mean = mean_group2, sd = sd_participant))) %>% "
"0","  group_by(condition) %>% "
"0","  mutate(value = b0 + b1 * condition + intercept + rnorm(n(), sd = sd_residual)) %>% "
"0","  ungroup %>% "
"0","  mutate(condition = as.factor(condition),"
"0","         participant = as.factor(participant))"
