{"chunk_definitions":[{"row":52,"row_count":1,"visible":true,"expansion_state":0,"options":{"engine":"r","label":"load-packages","message":false,"dev":"png"},"document_id":"73BFED6C","chunk_id":"clmz6u3tq2785","chunk_label":"load-packages"},{"row":62,"row_count":1,"visible":true,"expansion_state":0,"options":{"engine":"r","label":"set-theme","dev":"png"},"document_id":"73BFED6C","chunk_id":"c25pjd4yf67lv","chunk_label":"set-theme"},{"row":101,"row_count":1,"visible":true,"expansion_state":0,"options":{"engine":"r","label":"probability-19","echo":false,"dev":"png"},"document_id":"73BFED6C","chunk_id":"cr0qprkk18885","chunk_label":"probability-19"},{"row":145,"row_count":1,"visible":true,"expansion_state":0,"options":{"engine":"r","label":"probability-20","dev":"png"},"document_id":"73BFED6C","chunk_id":"cvv265pwj9kvt","chunk_label":"probability-20"},{"row":202,"row_count":1,"visible":true,"expansion_state":0,"options":{"engine":"r","warning":false,"message":false,"label":"unnamed-chunk-1","dev":"png"},"document_id":"73BFED6C","chunk_id":"c4rgdv83qs0uf","chunk_label":"unnamed-chunk-1"},{"row":249,"row_count":1,"visible":true,"expansion_state":0,"options":{"engine":"r","warning":false,"message":false,"label":"unnamed-chunk-2","dev":"png"},"document_id":"73BFED6C","chunk_id":"cqbkw3lrj4z5u","chunk_label":"unnamed-chunk-2"},{"row":299,"row_count":1,"visible":true,"expansion_state":0,"options":{"engine":"r","warning":false,"message":false,"label":"unnamed-chunk-3","dev":"png"},"document_id":"73BFED6C","chunk_id":"cbhjwcje16q6b","chunk_label":"unnamed-chunk-3"},{"row":345,"row_count":1,"visible":true,"expansion_state":0,"options":{"engine":"r","warning":false,"message":false,"label":"unnamed-chunk-4","dev":"png"},"document_id":"73BFED6C","chunk_id":"cfp8ziszfg49z","chunk_label":"unnamed-chunk-4"},{"row":394,"row_count":1,"visible":true,"expansion_state":0,"options":{"engine":"r","warning":false,"message":false,"label":"unnamed-chunk-5","dev":"png"},"document_id":"73BFED6C","chunk_id":"c6nynj77ola1m","chunk_label":"unnamed-chunk-5"},{"row":420,"row_count":1,"visible":true,"expansion_state":0,"options":{"engine":"r","label":"unnamed-chunk-6","dev":"png"},"document_id":"73BFED6C","chunk_id":"crce9nhv9r8cx","chunk_label":"unnamed-chunk-6"},{"row":465,"row_count":1,"visible":true,"expansion_state":0,"options":{"engine":"r","warning":false,"message":false,"label":"unnamed-chunk-7","dev":"png"},"document_id":"73BFED6C","chunk_id":"cw2886y9ev8aq","chunk_label":"unnamed-chunk-7"},{"row":510,"row_count":1,"visible":true,"expansion_state":0,"options":{"engine":"r","label":"unnamed-chunk-8","dev":"png"},"document_id":"73BFED6C","chunk_id":"crmghuvoi665y","chunk_label":"unnamed-chunk-8"},{"row":534,"row_count":1,"visible":true,"expansion_state":0,"options":{"engine":"r","label":"unnamed-chunk-9","dev":"png"},"document_id":"73BFED6C","chunk_id":"cedb8rlyxt0ks","chunk_label":"unnamed-chunk-9"},{"row":582,"row_count":1,"visible":true,"expansion_state":0,"options":{"engine":"r","label":"unnamed-chunk-10","dev":"png"},"document_id":"73BFED6C","chunk_id":"cel0wecda4lm9","chunk_label":"unnamed-chunk-10"},{"row":607,"row_count":1,"visible":true,"expansion_state":0,"options":{"engine":"r","label":"unnamed-chunk-11","dev":"png"},"document_id":"73BFED6C","chunk_id":"cn6kkmks5uiro","chunk_label":"unnamed-chunk-11"},{"row":653,"row_count":1,"visible":true,"expansion_state":0,"options":{"engine":"r","label":"unnamed-chunk-12","dev":"png"},"document_id":"73BFED6C","chunk_id":"ccmnficmw0vuy","chunk_label":"unnamed-chunk-12"},{"row":699,"row_count":1,"visible":true,"expansion_state":0,"options":{"engine":"r","label":"unnamed-chunk-13","dev":"png"},"document_id":"73BFED6C","chunk_id":"ct171205s037z","chunk_label":"unnamed-chunk-13"},{"row":723,"row_count":1,"visible":true,"expansion_state":0,"options":{"engine":"r","label":"unnamed-chunk-14","dev":"png"},"document_id":"73BFED6C","chunk_id":"ctlq55vswx7nj","chunk_label":"unnamed-chunk-14"},{"row":769,"row_count":1,"visible":true,"expansion_state":0,"options":{"engine":"r","label":"unnamed-chunk-15","dev":"png"},"document_id":"73BFED6C","chunk_id":"c4okhpm1nc6c2","chunk_label":"unnamed-chunk-15"},{"row":793,"row_count":1,"visible":true,"expansion_state":0,"options":{"engine":"r","label":"unnamed-chunk-16","dev":"png"},"document_id":"73BFED6C","chunk_id":"crurzm4x5bil3","chunk_label":"unnamed-chunk-16"},{"row":841,"row_count":1,"visible":true,"expansion_state":0,"options":{"engine":"r","label":"unnamed-chunk-17","dev":"png"},"document_id":"73BFED6C","chunk_id":"cw2fb0e15vgyj","chunk_label":"unnamed-chunk-17"},{"row":868,"row_count":1,"visible":true,"expansion_state":0,"options":{"engine":"r","label":"unnamed-chunk-18","dev":"png"},"document_id":"73BFED6C","chunk_id":"cs7bajd0nd7jc","chunk_label":"unnamed-chunk-18"},{"row":874,"row_count":1,"visible":true,"expansion_state":0,"options":{"engine":"r","label":"mediation","echo":false,"out.width":"75%","fig.cap":"__Basic mediation model__. c = the total effect of X on Y; c = c’ + ab; c’ = the direct effect of X on Y after controlling for M; c’ = c - ab; ab = indirect effect of X on Y.","dev":"png"},"document_id":"73BFED6C","chunk_id":"cbrf0lsjtppxj","chunk_label":"mediation"},{"row":895,"row_count":1,"visible":true,"expansion_state":0,"options":{"engine":"r","label":"unnamed-chunk-19","dev":"png"},"document_id":"73BFED6C","chunk_id":"c0h01kn2mwhdt","chunk_label":"unnamed-chunk-19"},{"row":922,"row_count":1,"visible":true,"expansion_state":0,"options":{"engine":"r","label":"unnamed-chunk-20","dev":"png"},"document_id":"73BFED6C","chunk_id":"c3so7zhg0herj","chunk_label":"unnamed-chunk-20"},{"row":932,"row_count":1,"visible":true,"expansion_state":0,"options":{"engine":"r","label":"unnamed-chunk-21","dev":"png"},"document_id":"73BFED6C","chunk_id":"cuuiklnkhqhs4","chunk_label":"unnamed-chunk-21"},{"row":944,"row_count":1,"visible":true,"expansion_state":0,"options":{"engine":"r","label":"unnamed-chunk-22","dev":"png"},"document_id":"73BFED6C","chunk_id":"cgjjhwbt0k9b9","chunk_label":"unnamed-chunk-22"},{"row":962,"row_count":1,"visible":true,"expansion_state":0,"options":{"engine":"r","label":"unnamed-chunk-23","dev":"png"},"document_id":"73BFED6C","chunk_id":"cm7naz4gdkbvy","chunk_label":"unnamed-chunk-23"},{"row":980,"row_count":1,"visible":true,"expansion_state":0,"options":{"engine":"r","label":"unnamed-chunk-24","dev":"png"},"document_id":"73BFED6C","chunk_id":"c21bxugj8e6nf","chunk_label":"unnamed-chunk-24"},{"row":1002,"row_count":1,"visible":true,"expansion_state":0,"options":{"engine":"r","label":"unnamed-chunk-25","dev":"png"},"document_id":"73BFED6C","chunk_id":"cesw65bucom57","chunk_label":"unnamed-chunk-25"},{"row":1012,"row_count":1,"visible":true,"expansion_state":0,"options":{"engine":"r","label":"unnamed-chunk-26","dev":"png"},"document_id":"73BFED6C","chunk_id":"cadb9depwp9re","chunk_label":"unnamed-chunk-26"},{"row":1090,"row_count":1,"visible":true,"expansion_state":0,"options":{"engine":"r","label":"unnamed-chunk-27","dev":"png"},"document_id":"73BFED6C","chunk_id":"cplnguie3gkli","chunk_label":"unnamed-chunk-27"},{"row":1158,"row_count":1,"visible":true,"expansion_state":0,"options":{"engine":"r","label":"unnamed-chunk-28","dev":"png"},"document_id":"73BFED6C","chunk_id":"c3d7xrovjjvmb","chunk_label":"unnamed-chunk-28"},{"row":1166,"row_count":1,"visible":true,"expansion_state":0,"options":{"engine":"r","label":"moderation","echo":false,"out.width":"75%","fig.cap":"__Basic moderation model__.","dev":"png"},"document_id":"73BFED6C","chunk_id":"ci93wv1itwtep","chunk_label":"moderation"},{"row":1190,"row_count":1,"visible":true,"expansion_state":0,"options":{"engine":"r","label":"unnamed-chunk-29","dev":"png"},"document_id":"73BFED6C","chunk_id":"ci8z8zomnn9x4","chunk_label":"unnamed-chunk-29"},{"row":1207,"row_count":1,"visible":true,"expansion_state":0,"options":{"engine":"r","label":"unnamed-chunk-30","dev":"png"},"document_id":"73BFED6C","chunk_id":"cbf7f6woh5ymr","chunk_label":"unnamed-chunk-30"},{"row":1240,"row_count":1,"visible":true,"expansion_state":0,"options":{"engine":"r","label":"unnamed-chunk-31","dev":"png"},"document_id":"73BFED6C","chunk_id":"cdz57ca1shcfk","chunk_label":"unnamed-chunk-31"},{"row":1249,"row_count":1,"visible":true,"expansion_state":0,"options":{"engine":"r","label":"unnamed-chunk-32","dev":"png"},"document_id":"73BFED6C","chunk_id":"cji4d5eaiuf8l","chunk_label":"unnamed-chunk-32"},{"row":1277,"row_count":1,"visible":true,"expansion_state":0,"options":{"engine":"r","label":"session","dev":"png"},"document_id":"73BFED6C","chunk_id":"c04frv3oc3t1z","chunk_label":"session"}],"doc_write_time":1708099598}