"0","# make example reproducible "
"0","set.seed(1)"
"0",""
"0","# how many bootstrapped samples shall we draw? "
"0","n_samples = 1000"
"0",""
"0","# generate a new sample from the original one by sampling with replacement"
"0","func.bootstrap = function(df){"
"0","  df %>% "
"0","    sample_frac(size = 1, replace = T) %>% "
"0","    summarize(mean = mean(number)) %>% "
"0","    pull(mean)"
"0","}"
"0",""
"0","# data frame with bootstrapped results "
"0","df.bootstrap = tibble(bootstrap = 1:n_samples, "
"0","                      average = replicate(n = n_samples, func.bootstrap(df.sample)))"
"0",""
