{"chunk_definitions":[{"row":29,"row_count":1,"visible":true,"expansion_state":0,"options":{"engine":"r","message":false,"label":"unnamed-chunk-2"},"document_id":"075D52F9","chunk_id":"cyt9fnag54cnp","chunk_label":"unnamed-chunk-2"},{"row":39,"row_count":1,"visible":true,"expansion_state":0,"options":{"engine":"r","label":"unnamed-chunk-3"},"document_id":"15C9AA7D","chunk_id":"cfyrs8xap5cp7","chunk_label":"unnamed-chunk-3"},{"row":61,"row_count":1,"visible":true,"expansion_state":0,"options":{"engine":"r","label":"unnamed-chunk-4"},"document_id":"15C9AA7D","chunk_id":"cqgfotazejn2t","chunk_label":"unnamed-chunk-4"},{"row":107,"row_count":1,"visible":true,"expansion_state":0,"options":{"engine":"r","echo":false,"fig.cap":"Drawing two marbles out of an urn __with__ replacement.","label":"unnamed-chunk-5"},"document_id":"15C9AA7D","chunk_id":"cu7u3ymm6p30f","chunk_label":"unnamed-chunk-5"},{"row":147,"row_count":1,"visible":true,"expansion_state":0,"options":{"engine":"r","echo":false,"fig.cap":"Drawing two marbles out of an urn __without__ replacement.","label":"unnamed-chunk-6"},"document_id":"15C9AA7D","chunk_id":"c6j8hmnmw9xua","chunk_label":"unnamed-chunk-6"},{"row":163,"row_count":1,"visible":true,"expansion_state":0,"options":{"engine":"r","label":"unnamed-chunk-12"},"document_id":"15C9AA7D","chunk_id":"c7z3mttuoa8li","chunk_label":"unnamed-chunk-7"},{"row":175,"row_count":1,"visible":true,"expansion_state":0,"options":{"engine":"r","label":"unnamed-chunk-13"},"document_id":"15C9AA7D","chunk_id":"c2nqiyfdincwi","chunk_label":"unnamed-chunk-8"},{"row":224,"row_count":1,"visible":true,"expansion_state":0,"options":{"engine":"r","label":"unnamed-chunk-15"},"document_id":"15C9AA7D","chunk_id":"ckgnix3o1kv4x","chunk_label":"unnamed-chunk-10"},{"row":241,"row_count":1,"visible":true,"expansion_state":0,"options":{"engine":"r","label":"unnamed-chunk-16"},"document_id":"15C9AA7D","chunk_id":"cn9zg1o1unqnb","chunk_label":"unnamed-chunk-12"},{"row":379,"row_count":1,"visible":true,"expansion_state":0,"options":{"engine":"r","label":"unnamed-chunk-73"},"document_id":"075D52F9","chunk_id":"c51ig5b4wdfgy","chunk_label":"unnamed-chunk-19"},{"row":405,"row_count":1,"visible":true,"expansion_state":0,"options":{"engine":"r","label":"unnamed-chunk-83"},"document_id":"075D52F9","chunk_id":"cus04yb6s1gk0","chunk_label":"unnamed-chunk-20"},{"row":421,"row_count":1,"visible":true,"expansion_state":0,"options":{"engine":"r","label":"unnamed-chunk-84"},"document_id":"075D52F9","chunk_id":"cwpuo4133byuf","chunk_label":"unnamed-chunk-21"},{"row":453,"row_count":1,"visible":true,"expansion_state":0,"options":{"engine":"r","label":"unnamed-chunk-25"},"document_id":"075D52F9","chunk_id":"c9sa0ids6u802","chunk_label":"unnamed-chunk-22"}],"doc_write_time":1642139049}