{"chunk_definitions":[{"row":22,"row_count":1,"visible":true,"expansion_state":0,"options":{"engine":"r","label":"load-packages","message":false,"dev":"png"},"document_id":"0566994D","chunk_id":"cclksh1dkn380","chunk_label":"load-packages"},{"row":46,"row_count":1,"visible":true,"expansion_state":0,"options":{"engine":"r","label":"unnamed-chunk-17","dev":"png"},"document_id":"0566994D","chunk_id":"c5wrlktcbfqhp","chunk_label":"unnamed-chunk-1"},{"row":71,"row_count":1,"visible":true,"expansion_state":0,"options":{"engine":"r","label":"unnamed-chunk-18","dev":"png"},"document_id":"0566994D","chunk_id":"cv2tbpibcn0wu","chunk_label":"unnamed-chunk-2"},{"row":90,"row_count":1,"visible":true,"expansion_state":0,"options":{"engine":"r","label":"unnamed-chunk-19","dev":"png"},"document_id":"0566994D","chunk_id":"c93upw2k6h9g6","chunk_label":"unnamed-chunk-3"},{"row":107,"row_count":1,"visible":true,"expansion_state":0,"options":{"engine":"r","label":"unnamed-chunk-20","dev":"png"},"document_id":"0566994D","chunk_id":"cuvbssrbg84u3","chunk_label":"unnamed-chunk-4"},{"row":126,"row_count":1,"visible":true,"expansion_state":0,"options":{"engine":"r","label":"unnamed-chunk-24","dev":"png"},"document_id":"0566994D","chunk_id":"cwd69yrfpcg5e","chunk_label":"unnamed-chunk-5"},{"row":190,"row_count":1,"visible":true,"expansion_state":0,"options":{"engine":"r","message":false,"label":"unnamed-chunk-46","dev":"png"},"document_id":"0566994D","chunk_id":"cpjkv3icxsg58","chunk_label":"unnamed-chunk-6"},{"row":235,"row_count":1,"visible":true,"expansion_state":0,"options":{"engine":"r","message":false,"label":"unnamed-chunk-40","dev":"png"},"document_id":"0566994D","chunk_id":"c79uffmvsgcxf","chunk_label":"unnamed-chunk-7"}],"doc_write_time":1739419699}