"0","set.seed(1)"
"0",""
"0","# variables & priors"
"0","b0 = normal(0, 10)"
"2","[36mℹ[39m Initialising python and checking dependencies, this may take a moment."
"2","[31m✖[39m Initialising python and checking dependencies, this may take a moment. ... failed"
"2","
"
"1","[1m[33mError[39m in `check_tf_version()`:[22m
[33m![39m [38;5;232m[31m✖[38;5;232m The expected python packages are not available
[36mℹ[38;5;232m We recommend installing them (in a fresh R session) with:
`install_greta_deps()`
or
`reinstall_greta_deps()`
([1mNote[22m: Your R session should not have initialised Tensorflow yet.)
[36mℹ[38;5;232m For more information, see `?install_greta_deps`[39m
Backtrace:
[90m 1. [39m[1mgreta[22m::normal(0, 10)
[90m 2. [39mgreta:::distrib(""normal"", mean, sd, dim, truncation)
[90m 3. [39m[1m[94mgreta:::check_tf_version([39m[22m""error""[1m[94m)[39m[22m
"
