"0","set.seed(1)"
"0",""
"0","### YOUR CODE HERE ###"
"0","fit.part2_lmer1 %>% "
"0","  simulate() %>% "
"0","  bind_cols(df.children) %>% "
"0","  ggplot(data = ., "
"0","         mapping = aes(x = condition,"
"0","                       y = rating)) +"
"0","  geom_point(alpha = .3,"
"0","             position = position_jitter(width = .2, height = 0)) +"
"0","  geom_point(aes(condition, sim_1),"
"0","             color = ""red"","
"0","             alpha = .3,"
"0","             position = position_jitter(width = .2, height = 0)) +"
"0","  facet_wrap(~ question_type, ncol = 3)"
