"0","tibble(`Error definition` = c(""Count of errors"","
"0","                              ""Sum of absolute errors"","
"0","                              ""Sum of squared errors""),"
"0","       `Best estimator` = c(""Mode = most frequent value"","
"0","                            ""Median = middle observation of all values"","
"0","                            ""Mean = average of all values"")) %>% "
"0","  kable() %>% "
"0","  kable_styling(bootstrap_options = ""striped"","
"0","                full_width = F)"
