"0","library(""knitr"")       # for knitting RMarkdown "
"0","library(""kableExtra"")  # for making nice tables"
"0","library(""janitor"")     # for cleaning column names"
"0","library(""broom.mixed"") # for tidying up linear mixed effects models "
"0","library(""lme4"")        # for linear mixed effects models"
"0","library(""afex"")        # for ANOVAs"
"0","library(""car"")         # for ANOVAs"
"0","library(""datarium"")    # for ANOVA dataset"
"0","library(""modelr"")      # for bootstrapping"
"0","library(""boot"")        # also for bootstrapping"
"0","library(""ggeffects"")   # for plotting marginal effects"
"0","library(""emmeans"")     # for marginal effects"
"0","library(""tidyverse"")   # for wrangling, plotting, etc. "
