"0","# make example reproducible "
"0","set.seed(1)"
"0",""
"0","n_samples = 20 # sample size "
"0","n_parameters = 2 # number of parameters in the polynomial regression"
"0",""
"0","# generate data "
"0","df.data = tibble(x = runif(n_samples, min = 0, max = 10), "
"0","                 y = 10 + 3 * x + 3 * x^2 + rnorm(n_samples, sd = 20))"
"0"," "
"0","# plot a fit to the data"
"0","ggplot(data = df.data,"
"0","       mapping = aes(x = x,"
"0","                     y = y)) +"
"0","  geom_point(size = 3) +"
"0","  # geom_hline(yintercept = mean(df.data$y), color = ""blue"") +"
"0","  geom_smooth(method = ""lm"", se = F,"
"0","              formula = y ~ poly(x, degree = n_parameters, raw = TRUE)) +"
"0","  theme(axis.ticks = element_blank(),"
"0","        axis.title = element_blank(),"
"0","        axis.text = element_blank())"
