"0","who = c(""ms_scarlet"", ""col_mustard"", ""mrs_white"","
"0","        ""mr_green"", ""mrs_peacock"", ""prof_plum"")"
"0","what = c(""candlestick"", ""knife"", ""lead_pipe"","
"0","         ""revolver"", ""rope"", ""wrench"")"
"0","where = c(""study"", ""kitchen"", ""conservatory"","
"0","          ""lounge"", ""billiard_room"", ""hall"","
"0","          ""dining_room"", ""ballroom"", ""library"")"
"0",""
"0","df.clue = expand_grid(who = who,"
"0","                      what = what,"
"0","                      where = where)"
"0",""
"0","df.suspects = df.clue %>% "
"0","  distinct(who) %>% "
"0","  mutate(gender = ifelse(test = who %in% c(""ms_scarlet"", ""mrs_white"", ""mrs_peacock""), "
"0","                         yes = ""female"", "
"0","                         no = ""male""))"
