"0","# simulation parameters"
"0","n_samples = 1000"
"0","sample_size = 50 "
"0","mu = 75 # true mean of the distribution "
"0","sigma = 5 # true standard deviation of the errors "
"0",""
"0","# function to draw samples from the population distribution "
"0","fun.draw_sample = function(sample_size, mu, sigma){"
"0","  sample = mu + rnorm(sample_size,"
"0","                      mean = 0,"
"0","                      sd = sigma)"
"0","  return(sample)"
"0","}"
"0",""
"0","# draw samples"
"0","samples = n_samples %>% "
"0","  replicate(fun.draw_sample(sample_size, mu, sigma)) %>% "
"0","  t() # transpose the resulting matrix (i.e. flip rows and columns)"
"0",""
"0","# put samples in data frame and compute PRE "
"0","df.samples = samples %>% "
"0","  as_tibble(.name_repair = ~ str_c(1:ncol(samples))) %>% "
"0","  mutate(sample = 1:n()) %>% "
"0","  pivot_longer(cols = -sample,"
"0","               names_to = ""index"","
"0","               values_to = ""value"") %>% "
"0","  mutate(compact = mu) %>% "
"0","  group_by(sample) %>% "
"0","  mutate(augmented = mean(value)) %>% "
"0","  summarize(sse_compact = sum((value - compact)^2),"
"0","            sse_augmented = sum((value - augmented)^2),"
"0","            pre = 1 - sse_augmented/sse_compact)"
"0","            "
"0",""
"0","# plot the sampling distribution for PRE "
"0","ggplot(data = df.samples,"
"0","       mapping = aes(x = pre)) +"
"0","  stat_density(geom = ""line"") + "
"0","  labs(x = ""Proportional reduction in error"")"
