"0","# prior"
"0","p.four = 0.5"
"0","p.six = 0.5"
"0",""
"0","# possibilities "
"0","df.possibilities = tibble(observation = 1:6,"
"0","                          p.four = c(rep(1/4, 4), rep(0, 2)),"
"0","                          p.six = c(rep(1/6, 6)))"
"0",""
"0","# data"
"0","# data = c(4)"
"0","# data = c(4, 2, 1)"
"0","data = c(4, 2, 1, 3, 1)"
"0","# data = c(4, 2, 1, 3, 1, 5)"
"0",""
"0","# likelihood"
"0","p.data_given_four = prod(df.possibilities$p.four[data])"
"0","p.data_given_six = prod(df.possibilities$p.six[data])"
"0",""
"0","# posterior"
"0","p.four_given_data = (p.data_given_four * p.four) /  "
"0","  ((p.data_given_four * p.four) + "
"0","     (p.data_given_six * p.six))"
"0",""
"0","p.four_given_data"
"1","[1]"
"1"," 0.8836364"
"1","
"
