"0","lmer(formula = response ~ validity * plausibility + (1 | id) + (1 | validity:id) + (1 | plausibility:id),"
"0","     data = df.reasoning %>% "
"0","        filter(instruction == ""probabilistic"") %>%"
"0","        group_by(id, validity, plausibility) %>%"
"0","        summarize(response = mean(response))) %>% "
"0","  joint_tests()"
"2","boundary (singular) fit: see ?isSingular
"
"1",""
"1"," model term           "
"1"," df1"
"1"," df2"
"1"," F.ratio"
"1"," p.value"
"1","
"
"1"," validity             "
"1","   1"
"1","  19"
"1","   0.016"
"1","  0.9007"
"1","
"
"1"," plausibility         "
"1","   1"
"1","  19"
"1","  34.210"
"1","  <.0001"
"1","
"
"1"," validity:plausibility"
"1","   1"
"1","  19"
"1","   8.927"
"1","  0.0076"
"1","
"
"1","
"
