"0","df.plot = fit %>% "
"0","  augment() %>% "
"0","  mutate(condition = factor(condition,"
"0","                            levels = c(0, 1),"
"0","                            labels = c(""control"", ""treatment"")),"
"0","         timepoint = as.factor(timepoint))"
"0","         "
"0",""
"0","ggplot(data = df.plot,"
"0","       mapping = aes(x = timepoint,"
"0","                     y = value,"
"0","                     group = participant)) +"
"0","  # geom_point(alpha = 0.5) +"
"0","  # geom_line(alpha = 0.5) +"
"0","  geom_point(mapping = aes(y = .fitted),"
"0","             alpha = 0.3,"
"0","             color = ""red"") +"
"0","  geom_line(mapping = aes(y = .fitted),"
"0","             alpha = 0.3,"
"0","             color = ""red"") +"
"0","  facet_grid(~ condition) +"
"0","  labs(x = ""timepoint"")"
