"0","# plot the bootstrapped sampling distribution"
"0","ggplot(data = df.bootstrap, "
"0","       mapping = aes(x = average)) +"
"0","  geom_histogram(aes(y = stat(density)),"
"0","                 color = ""black"","
"0","                 fill = ""lightblue"","
"0","                 binwidth = 0.05) + "
"0","  stat_density(geom = ""line"","
"0","               size = 1.5,"
"0","               bw = 0.1) +"
"0","  labs(x = ""mean"") +"
"0","  scale_y_continuous(expand = expansion(mult = c(0, 0.01)))"
