"0","# make example reproducible "
"0","set.seed(1)"
"0","# n_samples = 20"
"0","n_samples = 3"
"0",""
"0","df.pre = tibble(x = runif(n_samples, min = 0, max = 10), "
"0","                y = 2 * x + rnorm(n_samples, sd = 1))"
"0",""
"0","# plot a fit to the data"
"0","ggplot(data = df.pre,"
"0","       mapping = aes(x = x,"
"0","                     y = y)) +"
"0","  geom_point(size = 3) +"
"0","  # geom_hline(yintercept = mean(df.pre$y), color = ""blue"") +"
"0","  geom_smooth(method = ""lm"", se = F,"
"0","              formula = y ~ poly(x, 1, raw = TRUE)) +"
"0","  theme(axis.ticks = element_blank(),"
"0","        axis.title = element_blank(),"
"0","        axis.text = element_blank())"
