"0","# load sleepstudy data set "
"0","df.sleep = sleepstudy %>% "
"0","  as_tibble() %>% "
"0","  clean_names() %>% "
"0","  mutate(subject = as.character(subject)) %>% "
"0","  select(subject, days, reaction)"
"0",""
"0","# add two fake participants (with missing data)"
"0","df.sleep = df.sleep %>% "
"0","  bind_rows(tibble(subject = ""374"","
"0","                   days = 0:1,"
"0","                   reaction = c(286, 288)),"
"0","            tibble(subject = ""373"","
"0","                   days = 0,"
"0","                   reaction = 245))"
