"0","# overview of the data "
"0","ggplot(data = df.politeness,"
"0","        mapping = aes(x = attitude,"
"0","                      y = frequency,"
"0","                      group = gender,"
"0","                      color = gender)) + "
"0","  geom_point(position = position_jitter(width = 0.1),"
"0","             alpha = 0.1) + "
"0","  stat_summary(fun.data = ""mean_cl_boot"") + "
"0","  scale_color_brewer(palette = ""Set1"")"
"2","Warning:"
"2"," Removed 1 rows containing non-finite values (stat_summary).
"
"2","Warning:"
"2"," Removed 1 rows containing missing values (geom_point).
"
