"0","# parameters per model "
"0","pa = 1"
"0","pc = 0 "
"0",""
"0","df.model = df.internet %>%"
"0","  select(internet, state) %>% "
"0","  mutate(i = 1:n(),"
"0","         compact_b = 75,"
"0","         augmented_b = mean(internet),"
"0","         compact_se = (internet-compact_b)^2,"
"0","         augmented_se = (internet-augmented_b)^2) %>% "
"0","  select(i, state, internet, contains(""compact""), contains(""augmented""))"
"0","  "
"0","df.model %>% "
"0","  summarize(augmented_sse = sum(augmented_se),"
"0","            compact_sse = sum(compact_se),"
"0","            pre = 1 - augmented_sse/compact_sse,"
"0","            f = (pre/(pa-pc))/((1-pre)/(nrow(df.model)-pa)),"
"0","            p_value = 1-pf(f, pa-pc, nrow(df.model)-1),"
"0","            mean = mean(internet),"
"0","            sd = sd(internet)) %>% "
"0","              kable() %>% "
"0","              kable_styling(bootstrap_options = ""striped"","
"0","                          full_width = F)"
