"0","# data "
"0","data = rep(0:1, c(8, 2))"
"0",""
"0","# parameters "
"0","theta = c(0.1, 0.5, 0.9)"
"0",""
"0","# prior "
"0","prior = c(0.25, 0.5, 0.25)"
"0","# prior = c(0.1, 0.1, 0.8) # alternative setting of the prior"
"0","# prior = c(0.000001, 0.000001, 0.999998) # another prior setting "
"0",""
"0","# likelihood "
"0","likelihood = dbinom(sum(data == 1), size = length(data), prob = theta)"
"0",""
"0","# posterior "
"0","posterior = likelihood * prior / sum(likelihood * prior)"
"0",""
"0","# store in data frame "
"0","df.coins = tibble(theta = theta,"
"0","                  prior = prior,"
"0","                  likelihood = likelihood,"
"0","                  posterior = posterior) "
"0",""
