"0","value_predicted = 7"
"0",""
"0","df.data = df.data %>% "
"0","  mutate(prediction = value_predicted,"
"0","         error_absolute = abs(prediction - value))"
"0",""
"0","ggplot(data = df.data,"
"0","       mapping = aes(x = observation, "
"0","                     y = value)) + "
"0","  geom_segment(mapping = aes(x = observation,"
"0","                             xend = observation,"
"0","                             y = value_predicted,"
"0","                             yend = value"
"0","                             ),"
"0","               color = ""blue"","
"0","               size = 1) +"
"0","  geom_line(data = tibble(x = c(1, 5),"
"0","                   y = value_predicted),"
"0","            mapping = aes(x = x,"
"0","                y = y),"
"0","            size = 1,"
"0","            color = ""green"") +"
"0","  geom_point(size = 4) +"
"0","  annotate(x = 1,"
"0","           y = 15.5,"
"0","           geom = ""text"","
"0","           label = str_c(""Prediction = "", value_predicted),"
"0","           size = 8,"
"0","           hjust = 0,"
"0","           vjust = 1,"
"0","           color = ""green"") +"
"0","  annotate(x = 1,"
"0","           y = 13.5,"
"0","           geom = ""text"","
"0","           label = str_c(""Sum of absolute errors = "", sum(df.data$error_absolute)),"
"0","           size = 8,"
"0","           hjust = 0,"
"0","           vjust = 1,"
"0","           color = ""blue"") +"
"0","  annotate(x = 5,"
"0","           y = value_predicted,"
"0","           geom = ""text"","
"0","           label = parse(text = str_c(""{hat(Y)"",""==b[0]}=="", value_predicted)),"
"0","           hjust = -0.1,"
"0","           size = 8) +"
"0","  scale_x_continuous(breaks = df.data$observation,"
"0","                     labels = parse(text = str_c('e[',df.data$observation,']', ""=="", df.data$error_absolute)),"
"0","                     limits = c(1, 6)) +"
"0","  scale_y_continuous(breaks = seq(0, 16, 2),"
"0","                     limits = c(0, 16)) +"
"0","  theme(panel.grid.major.y = element_line(color = ""gray80"", linetype = 2),"
"0","        axis.title.x = element_blank(),"
"0","        text = element_text(size = 24))"
