"0","# grid"
"0","theta = seq(0, 1, 0.01)"
"0",""
"0","df.likelihood_effect = tibble(theta = theta, "
"0","                              prior = dbeta(theta, shape1 = 2, shape2 = 8),"
"0","                              likelihood_left = dbeta(theta, shape1 = 1, shape2 = 9),"
"0","                              likelihood_center = dbeta(theta, shape1 = 5, shape2 = 5),"
"0","                              likelihood_right = dbeta(theta, shape1 = 9, shape2 = 1)) %>% "
"0","  pivot_longer(cols = -c(theta, prior),"
"0","               names_to = ""likelihood_index"","
"0","               values_to = ""likelihood"") %>% "
"0","  group_by(likelihood_index) %>% "
"0","  mutate(posterior = likelihood * prior / sum(likelihood * prior)) %>% "
"0","  ungroup() %>% "
"0","  pivot_longer(cols = -c(theta, likelihood_index),"
"0","               names_to = ""index"","
"0","               values_to = ""value"")"
"0",""
"0","df.likelihood_effect %>% "
"0","  mutate(index = factor(index, levels = c(""prior"", ""likelihood"", ""posterior"")),"
"0","         likelihood_index = factor(likelihood_index,"
"0","                                   levels = c(""likelihood_left"","
"0","                                              ""likelihood_center"","
"0","                                              ""likelihood_right""),"
"0","                                   labels = c(""left"", ""center"", ""right""))) %>% "
"0","  ggplot(data = .,"
"0","         mapping = aes(x = theta,"
"0","                       y = value,"
"0","                       color = index)) +"
"0","  geom_line(size = 1) + "
"0","  facet_grid(cols = vars(likelihood_index),"
"0","             rows = vars(index),"
"0","             scales = ""free"","
"0","             switch = ""y"") +"
"0","  scale_x_continuous(breaks = seq(0, 1, 0.2)) +"
"0","  annotate(""segment"", x = -Inf, xend = Inf, y = -Inf, yend = -Inf) + "
"0","  annotate(""segment"", x = -Inf, xend = -Inf, y = -Inf, yend = Inf) + "
"0","  theme(legend.position = ""none"","
"0","        strip.background = element_blank(),"
"0","        axis.title.y = element_blank(),"
"0","        axis.text.y = element_blank(),"
"0","        axis.ticks.y = element_blank(),"
"0","        axis.text.x = element_text(size = 10),"
"0","        axis.line = element_blank(),"
"0","        strip.text.x = element_blank())"
