"0","# fit model "
"0","fit.lm = lm(formula = reaction ~ 1 + days,"
"0","            data = df.sleep)"
"0",""
"0","# coefficients"
"0","coef(fit.lm)"
"1","(Intercept) "
"1","       days "
"1","
"
"1","  252.32070 "
"1","   10.32766 "
"1","
"
"0","# bootstrapping "
"0","df.boot = df.sleep %>% "
"0","  bootstrap(n = 100,"
"0","            id = ""id"") %>% "
"0","  mutate(fit = map(.x = strap,"
"0","                   .f = ~ lm(formula = reaction ~ 1 + days,"
"0","                             data = .x)),"
"0","         tidy = map(.x = fit, "
"0","                    .f = tidy)) %>% "
"0","  unnest(tidy) %>% "
"0","  select(id, term, estimate) %>% "
"0","  spread(term, estimate) %>% "
"0","  clean_names() "
