"0","library(""knitr"")      # for knitting RMarkdown"
"0","library(""janitor"")    # for cleaning column names"
"0","library(""patchwork"")  # for figure panels"
"0","library(""tidybayes"")  # tidying up results from Bayesian models"
"0","library(""greta"")      # for writing Bayesian models"
"0","library(""gganimate"")  # for animations"
"0","library(""extraDistr"") # additional probability distributions"
"0","library(""broom"")      # for tidy regression results"
"0","library(""tidyverse"")  # for wrangling, plotting, etc. "
