"0","# credit data set"
"0","df.credit = read_csv(""data/credit.csv"") %>% "
"0","  rename(index = `...1`) %>% "
"0","  clean_names()"
"2","New names:
* `` -> ...1
"
"1","[1mRows: [22m[34m400[39m [1mColumns: [22m[34m12[39m
"
"1","[36m──[39m [1mColumn specification[22m [36m───────────────────────────────────────────────────────────────────────────────────────────────────────────────────────────────────────────────────────────────────────────────────[39m
[1mDelimiter:[22m "",""
[31mchr[39m (4): Gender, Student, Married, Ethnicity
[32mdbl[39m (8): ...1, Income, Limit, Rating, Cards, Age, Education, Balance
"
"1","
[36mℹ[39m Use [38;5;235m[48;5;253m[38;5;235m[48;5;253m`spec()`[48;5;253m[38;5;235m[49m[39m to retrieve the full column specification for this data.
[36mℹ[39m Specify the column types or set [38;5;235m[48;5;253m[38;5;235m[48;5;253m`show_col_types = FALSE`[48;5;253m[38;5;235m[49m[39m to quiet this message.
"
"0","# advertising data set "
"0","df.ads = read_csv(""data/advertising.csv"") %>% "
"0","  rename(index = `...1`) %>% "
"0","  clean_names()"
"2","New names:
* `` -> ...1
"
"1","[1mRows: [22m[34m200[39m [1mColumns: [22m[34m5[39m
"
"1","[36m──[39m [1mColumn specification[22m [36m───────────────────────────────────────────────────────────────────────────────────────────────────────────────────────────────────────────────────────────────────────────────────[39m
[1mDelimiter:[22m "",""
[32mdbl[39m (5): ...1, TV, radio, newspaper, sales
"
"1","
[36mℹ[39m Use [38;5;235m[48;5;253m[38;5;235m[48;5;253m`spec()`[48;5;253m[38;5;235m[49m[39m to retrieve the full column specification for this data.
[36mℹ[39m Specify the column types or set [38;5;235m[48;5;253m[38;5;235m[48;5;253m`show_col_types = FALSE`[48;5;253m[38;5;235m[49m[39m to quiet this message.
"
