"0","set.seed(1)"
"0",""
"0","n_participants = 100"
"0","n_therapists = 6"
"0","n_timepoints = 3"
"0","n_conditions = 2"
"0","p_condition = 0.5"
"0","b0 = 10 # intercept "
"0","b1 = 10 # condition"
"0","b2 = 2 # time "
"0","b3 = 3 # interaction"
"0","sd_intercept_therapist = 3"
"0","sd_intercept_participant = 2"
"0","sd_time_therapist = 2"
"0","sd_time_participant = 1"
"0","sd_residual = 1"
"0",""
"0","df.data = tibble(participant = rep(1:n_participants, each = n_timepoints),"
"0","                 timepoint = rep(1:n_timepoints, times = n_participants),"
"0","                 intercept_participant = rep(rnorm(n_participants,"
"0","                                                   sd = sd_intercept_participant), "
"0","                                             each = n_timepoints),"
"0","                 time_participant = rep(rnorm(n_participants, sd = sd_time_participant), "
"0","                                             each = n_timepoints)) %>% "
"0","  group_by(participant) %>% "
"0","  mutate(condition = rbinom(n = 1, size = 1, prob = p_condition),"
"0","         therapist = ifelse(condition == 0, sample(x = 1:(n_therapists/2),"
"0","                                                   size = 1),"
"0","                        sample(x = ((n_therapists/2)+1):n_therapists,"
"0","                               size = 1))) %>% "
"0","  ungroup() %>% "
"0","  group_by(therapist) %>%"
"0","  mutate(intercept_therapist = rnorm(1, sd = sd_intercept_therapist),"
"0","         time_therapist = rnorm(1, sd = sd_time_therapist)) %>%"
"0","  ungroup() %>% "
"0","  mutate(value = b0 + intercept_therapist + intercept_participant + "
"0","           b1 * condition + "
"0","           (b2 + time_therapist + time_participant) * timepoint +  "
"0","           b3 * condition * timepoint +"
"0","           rnorm(n_participants * n_timepoints, sd = sd_residual))"
