{"chunk_definitions":[{"row":38,"row_count":1,"visible":true,"expansion_state":0,"options":{"engine":"r","message":false,"label":"unnamed-chunk-1","dev":"png"},"document_id":"F2E0E002","chunk_id":"cq8wlbrxrg70s","chunk_label":"unnamed-chunk-1"},{"row":50,"row_count":1,"visible":true,"expansion_state":0,"options":{"engine":"r","label":"unnamed-chunk-2","dev":"png"},"document_id":"F2E0E002","chunk_id":"cwybbyk2vu9bi","chunk_label":"unnamed-chunk-2"},{"row":72,"row_count":1,"visible":true,"expansion_state":0,"options":{"engine":"r","label":"unnamed-chunk-3","dev":"png"},"document_id":"F2E0E002","chunk_id":"ccaie3irspxs1","chunk_label":"unnamed-chunk-3"},{"row":78,"row_count":1,"visible":true,"expansion_state":0,"options":{"engine":"r","label":"unnamed-chunk-4","dev":"png"},"document_id":"F2E0E002","chunk_id":"cq19fb0f0menn","chunk_label":"unnamed-chunk-4"},{"row":92,"row_count":1,"visible":true,"expansion_state":0,"options":{"engine":"r","label":"unnamed-chunk-5","dev":"png"},"document_id":"F2E0E002","chunk_id":"cl8t5j84an8z4","chunk_label":"unnamed-chunk-5"},{"row":99,"row_count":1,"visible":true,"expansion_state":0,"options":{"engine":"r","label":"unnamed-chunk-6","dev":"png"},"document_id":"F2E0E002","chunk_id":"c7xg12wnd2qvm","chunk_label":"unnamed-chunk-6"},{"row":122,"row_count":1,"visible":true,"expansion_state":0,"options":{"engine":"r","label":"unnamed-chunk-7","dev":"png"},"document_id":"F2E0E002","chunk_id":"c54bzzizuj6ht","chunk_label":"unnamed-chunk-7"},{"row":148,"row_count":1,"visible":true,"expansion_state":0,"options":{"engine":"r","label":"unnamed-chunk-8","dev":"png"},"document_id":"F2E0E002","chunk_id":"czlaala8e5o51","chunk_label":"unnamed-chunk-8"},{"row":181,"row_count":1,"visible":true,"expansion_state":0,"options":{"engine":"r","label":"unnamed-chunk-9","dev":"png"},"document_id":"F2E0E002","chunk_id":"c6hx21e4kijc1","chunk_label":"unnamed-chunk-9"},{"row":197,"row_count":1,"visible":true,"expansion_state":0,"options":{"engine":"r","label":"unnamed-chunk-10","dev":"png"},"document_id":"F2E0E002","chunk_id":"cy54jiwzd1tsm","chunk_label":"unnamed-chunk-10"},{"row":240,"row_count":1,"visible":true,"expansion_state":0,"options":{"engine":"r","label":"unnamed-chunk-11","dev":"png"},"document_id":"F2E0E002","chunk_id":"c3sg72vh8hwxg","chunk_label":"unnamed-chunk-11"},{"row":256,"row_count":1,"visible":true,"expansion_state":0,"options":{"engine":"r","message":false,"label":"unnamed-chunk-12","dev":"png"},"document_id":"F2E0E002","chunk_id":"c8o4twzph0ns0","chunk_label":"unnamed-chunk-12"},{"row":268,"row_count":1,"visible":true,"expansion_state":0,"options":{"engine":"r","label":"unnamed-chunk-13","dev":"png"},"document_id":"F2E0E002","chunk_id":"c4723p9qjcdaz","chunk_label":"unnamed-chunk-13"},{"row":301,"row_count":1,"visible":true,"expansion_state":0,"options":{"engine":"r","label":"unnamed-chunk-14","dev":"png"},"document_id":"F2E0E002","chunk_id":"c988tqt9vg28s","chunk_label":"unnamed-chunk-14"},{"row":313,"row_count":1,"visible":true,"expansion_state":0,"options":{"engine":"r","label":"unnamed-chunk-15","dev":"png"},"document_id":"F2E0E002","chunk_id":"crxvx36t81vl8","chunk_label":"unnamed-chunk-15"},{"row":331,"row_count":1,"visible":true,"expansion_state":0,"options":{"engine":"r","label":"unnamed-chunk-16","dev":"png"},"document_id":"F2E0E002","chunk_id":"cn0sds5dy7suu","chunk_label":"unnamed-chunk-16"},{"row":347,"row_count":1,"visible":true,"expansion_state":0,"options":{"engine":"r","label":"unnamed-chunk-17","dev":"png"},"document_id":"F2E0E002","chunk_id":"cz2jip91mf24x","chunk_label":"unnamed-chunk-17"},{"row":361,"row_count":1,"visible":true,"expansion_state":0,"options":{"engine":"r","label":"unnamed-chunk-18","dev":"png"},"document_id":"F2E0E002","chunk_id":"c8374ciw9vltq","chunk_label":"unnamed-chunk-18"},{"row":381,"row_count":1,"visible":true,"expansion_state":0,"options":{"engine":"r","label":"unnamed-chunk-19","dev":"png"},"document_id":"F2E0E002","chunk_id":"cocidvidbjsjl","chunk_label":"unnamed-chunk-19"},{"row":396,"row_count":1,"visible":true,"expansion_state":0,"options":{"engine":"r","label":"unnamed-chunk-20","dev":"png"},"document_id":"F2E0E002","chunk_id":"co00767sdkew4","chunk_label":"unnamed-chunk-20"},{"row":409,"row_count":1,"visible":true,"expansion_state":0,"options":{"engine":"r","label":"unnamed-chunk-21","dev":"png"},"document_id":"F2E0E002","chunk_id":"ckcpya7fijhqp","chunk_label":"unnamed-chunk-21"},{"row":444,"row_count":1,"visible":true,"expansion_state":0,"options":{"engine":"r","label":"unnamed-chunk-22","dev":"png"},"document_id":"F2E0E002","chunk_id":"cc2ed25q85xp9","chunk_label":"unnamed-chunk-22"},{"row":454,"row_count":1,"visible":true,"expansion_state":0,"options":{"engine":"r","label":"unnamed-chunk-23","dev":"png"},"document_id":"F2E0E002","chunk_id":"c6uoriovle27p","chunk_label":"unnamed-chunk-23"},{"row":472,"row_count":1,"visible":true,"expansion_state":0,"options":{"engine":"r","label":"unnamed-chunk-24","dev":"png"},"document_id":"F2E0E002","chunk_id":"cisxiq781zkec","chunk_label":"unnamed-chunk-24"},{"row":487,"row_count":1,"visible":true,"expansion_state":0,"options":{"engine":"r","label":"unnamed-chunk-25","dev":"png"},"document_id":"F2E0E002","chunk_id":"cuvlx483k5tgr","chunk_label":"unnamed-chunk-25"},{"row":501,"row_count":1,"visible":true,"expansion_state":0,"options":{"engine":"r","label":"two-level-model","echo":false,"fig.cap":"Two-level model","out.width":"95%","dev":"png"},"document_id":"F2E0E002","chunk_id":"c1mdno2wrdabm","chunk_label":"two-level-model"},{"row":528,"row_count":1,"visible":true,"expansion_state":0,"options":{"engine":"r","label":"unnamed-chunk-26","dev":"png"},"document_id":"F2E0E002","chunk_id":"ckkp2s156y37z","chunk_label":"unnamed-chunk-26"},{"row":547,"row_count":1,"visible":true,"expansion_state":0,"options":{"engine":"r","label":"unnamed-chunk-27","dev":"png"},"document_id":"F2E0E002","chunk_id":"c0ykpk3o2zjle","chunk_label":"unnamed-chunk-27"},{"row":557,"row_count":1,"visible":true,"expansion_state":0,"options":{"engine":"r","label":"unnamed-chunk-28","dev":"png"},"document_id":"F2E0E002","chunk_id":"cnl8hw07otnkc","chunk_label":"unnamed-chunk-28"},{"row":582,"row_count":1,"visible":true,"expansion_state":0,"options":{"engine":"r","label":"unnamed-chunk-29","dev":"png"},"document_id":"F2E0E002","chunk_id":"c5jd5j0c3zbe8","chunk_label":"unnamed-chunk-29"},{"row":617,"row_count":1,"visible":true,"expansion_state":0,"options":{"engine":"r","label":"unnamed-chunk-30","dev":"png"},"document_id":"1A71483D","chunk_id":"cw06lihbbk0mt","chunk_label":"unnamed-chunk-30"},{"row":636,"row_count":1,"visible":true,"expansion_state":0,"options":{"engine":"r","label":"unnamed-chunk-31","dev":"png"},"document_id":"1A71483D","chunk_id":"c30klbe7w8kuu","chunk_label":"unnamed-chunk-31"},{"row":646,"row_count":1,"visible":true,"expansion_state":0,"options":{"engine":"r","label":"unnamed-chunk-32","dev":"png"},"document_id":"1A71483D","chunk_id":"cskrcqv1wj5j2","chunk_label":"unnamed-chunk-32"},{"row":673,"row_count":1,"visible":true,"expansion_state":0,"options":{"engine":"r","label":"unnamed-chunk-33","dev":"png"},"document_id":"1A71483D","chunk_id":"cxnc72ry1hvip","chunk_label":"unnamed-chunk-33"},{"row":716,"row_count":1,"visible":true,"expansion_state":0,"options":{"engine":"r","label":"unnamed-chunk-34","dev":"png"},"document_id":"1A71483D","chunk_id":"cndekhizbrgwc","chunk_label":"unnamed-chunk-34"},{"row":741,"row_count":1,"visible":true,"expansion_state":0,"options":{"engine":"r","label":"unnamed-chunk-35","dev":"png"},"document_id":"1A71483D","chunk_id":"cs1pok5ss7266","chunk_label":"unnamed-chunk-35"},{"row":747,"row_count":1,"visible":true,"expansion_state":0,"options":{"engine":"r","label":"three-level-model","echo":false,"fig.cap":"Three-level model","out.width":"95%","dev":"png"},"document_id":"F2E0E002","chunk_id":"cpkwe68aqf8qk","chunk_label":"three-level-model"},{"row":792,"row_count":1,"visible":true,"expansion_state":0,"options":{"engine":"r","label":"unnamed-chunk-36","dev":"png"},"document_id":"F2E0E002","chunk_id":"c7bkhtjcasijq","chunk_label":"unnamed-chunk-36"},{"row":813,"row_count":1,"visible":true,"expansion_state":0,"options":{"engine":"r","label":"unnamed-chunk-37","dev":"png"},"document_id":"F2E0E002","chunk_id":"cmbjbsl23uji3","chunk_label":"unnamed-chunk-37"},{"row":825,"row_count":1,"visible":true,"expansion_state":0,"options":{"engine":"r","label":"unnamed-chunk-38","dev":"png"},"document_id":"F2E0E002","chunk_id":"cpxit4tbsvjgu","chunk_label":"unnamed-chunk-38"},{"row":856,"row_count":1,"visible":true,"expansion_state":0,"options":{"engine":"r","label":"unnamed-chunk-39","dev":"png"},"document_id":"F2E0E002","chunk_id":"cg3aaoovtutzy","chunk_label":"unnamed-chunk-39"},{"row":866,"row_count":1,"visible":true,"expansion_state":0,"options":{"engine":"r","message":false,"label":"unnamed-chunk-40","dev":"png"},"document_id":"F2E0E002","chunk_id":"c11f9nj26v84y","chunk_label":"unnamed-chunk-40"},{"row":880,"row_count":1,"visible":true,"expansion_state":0,"options":{"engine":"r","label":"unnamed-chunk-41","dev":"png"},"document_id":"F2E0E002","chunk_id":"c2kslnrqz2kss","chunk_label":"unnamed-chunk-41"},{"row":902,"row_count":1,"visible":true,"expansion_state":0,"options":{"engine":"r","message":false,"warning":false,"label":"unnamed-chunk-42","dev":"png"},"document_id":"F2E0E002","chunk_id":"cwe7frcbbzxts","chunk_label":"unnamed-chunk-42"},{"row":921,"row_count":1,"visible":true,"expansion_state":0,"options":{"engine":"r","label":"unnamed-chunk-43","dev":"png"},"document_id":"F2E0E002","chunk_id":"c6bb8vg3wbe1s","chunk_label":"unnamed-chunk-43"},{"row":940,"row_count":1,"visible":true,"expansion_state":0,"options":{"engine":"r","label":"unnamed-chunk-44","dev":"png"},"document_id":"F2E0E002","chunk_id":"cxtsu3737dkdm","chunk_label":"unnamed-chunk-44"},{"row":951,"row_count":1,"visible":true,"expansion_state":0,"options":{"engine":"r","label":"unnamed-chunk-45","dev":"png"},"document_id":"F2E0E002","chunk_id":"cawypgd2ky1su","chunk_label":"unnamed-chunk-45"}],"doc_write_time":1740551096}