"0","fit = mixed(formula = reaction ~ 1 + days + (1 | subject),"
"0","           data = df.sleep %>% "
"0","             mutate(days = as.factor(days)))"
"2","Contrasts set to contr.sum for the following variables: days, subject
"
"1","Fitting one lmer() model. "
"1","[DONE]
Calculating p-values. "
"1","[DONE]
"
"0","contrast = list(first_vs_second = c(-1, 1, rep(0, 8)),"
"0","                early_vs_late = c(rep(-1, 5)/5, rep(1, 5)/5))"
"0",""
"0","fit %>% "
"0","  emmeans(specs = ""days"","
"0","          contr = contrast) %>% "
"0","  pluck(""contrasts"")"
"1",""
"1"," contrast       "
"1"," estimate"
"1","    SE"
"1","  df"
"1"," t.ratio"
"1"," p.value"
"1","
"
"1"," first_vs_second"
"1","     7.82"
"1"," 10.10"
"1"," 156"
"1","   0.775"
"1","  0.4398"
"1","
"
"1"," early_vs_late  "
"1","    53.66"
"1","  4.65"
"1"," 155"
"1","  11.534"
"1","  <.0001"
"1","
"
"1","
"
"1","Degrees-of-freedom method: kenward-roger 
"
"0","df.sleep %>% "
"0","  filter(days %in% c(0, 1)) %>% "
"0","  group_by(days) %>% "
"0","  summarize(reaction = mean(reaction))"
