"0","# make example reproducible"
"0","set.seed(1)"
"0",""
"0","# set the sample size "
"0","sample_size = 50 "
"0",""
"0","# draw sample from the population distribution (I've fixed sigma -- the standard deviation"
"0","# of the population distribution to be 5)"
"0","df.sample = tibble(observation = 1:sample_size,"
"0","                   value = 75 + rnorm(sample_size, mean = 0, sd = 5))"
"0",""
"0","# calculate SSE for each model, and then PRE based on that "
"0","df.summary = df.sample %>% "
"0","  mutate(compact = 75,"
"0","         augmented = mean(value)) %>% "
"0","  summarize(sse_compact = sum((value - compact)^2),"
"0","            sse_augmented = sum((value - augmented)^2),"
"0","            pre = 1 - (sse_augmented/sse_compact))"
