"0","library(""knitr"")         # for knitting RMarkdown "
"0","library(""kableExtra"")    # for making nice tables"
"0","library(""janitor"")       # for cleaning column names"
"0","library(""mediation"")     # for mediation and moderation analysis "
"0","library(""multilevel"")    # Sobel test"
"0","library(""broom"")         # tidying up regression results"
"0","library(""DiagrammeR"")    # for drawing diagrams"
"0","library(""DiagrammeRsvg"") # for exporting pdfs of graphs "
"0","library(""rsvg"")          # for exporting pdfs of graphs "
"0","library(""tidyverse"")     # for wrangling, plotting, etc. "
