"0","grViz("""
"0","digraph dot{"
"0","  "
"0","  # general settings for all nodes"
"0","  node ["
"0","    shape = circle,"
"0","    style = filled,"
"0","    color = black,"
"0","    label = ''"
"0","    fontname = 'Helvetica',"
"0","    fontsize = 24,"
"0","    fillcolor = lightblue"
"0","    ]"
"0","  "
"0","  # edges between nodes"
"0","  edge [color = black]"
"0","  0 -> {1 2 3}"
"0","  1 -> {11 12 13}"
"0","  2 -> {21 22 23}"
"0","  3 -> {31 32 33}"
"0","  "
"0","  # labels for each node"
"0","  0 [fillcolor = 'black', width = 0.1]"
"0","  1 [label = '1']"
"0","  2 [label = '2']"
"0","  3 [label = '3']"
"0","  11 [label = '1']"
"0","  12 [label = '2']"
"0","  13 [label = '3']"
"0","  21 [label = '1']"
"0","  22 [label = '2']"
"0","  23 [label = '3']"
"0","  31 [label = '1']"
"0","  32 [label = '2']"
"0","  33 [label = '3']"
"0","    "
"0","  # direction in which arrows are drawn (from left to right)"
"0","  rankdir = LR"
"0","}"
"0",""")"
