{"chunk_definitions":[{"row":40,"row_count":1,"visible":true,"expansion_state":0,"options":{"engine":"r","message":false,"label":"unnamed-chunk-2","dev":"png"},"document_id":"EA2B15EB","chunk_id":"cfswohvsli9g1","chunk_label":"unnamed-chunk-2"},{"row":48,"row_count":1,"visible":true,"expansion_state":0,"options":{"engine":"r","label":"unnamed-chunk-3","dev":"png"},"document_id":"EA2B15EB","chunk_id":"c41cgu9xh9dwi","chunk_label":"unnamed-chunk-3"},{"row":85,"row_count":1,"visible":true,"expansion_state":0,"options":{"engine":"r","label":"unnamed-chunk-4","dev":"png"},"document_id":"EA2B15EB","chunk_id":"cq2poqsgktdp0","chunk_label":"unnamed-chunk-4"},{"row":115,"row_count":1,"visible":true,"expansion_state":0,"options":{"engine":"r","label":"unnamed-chunk-5","dev":"png"},"document_id":"EA2B15EB","chunk_id":"cltwjtp5ic183","chunk_label":"unnamed-chunk-5"},{"row":144,"row_count":1,"visible":true,"expansion_state":0,"options":{"engine":"r","label":"unnamed-chunk-6","dev":"png"},"document_id":"EA2B15EB","chunk_id":"cw04feri276dw","chunk_label":"unnamed-chunk-6"},{"row":200,"row_count":1,"visible":true,"expansion_state":0,"options":{"engine":"r","fig.cap":"Illustration of how the prior affects the posterior.","label":"unnamed-chunk-7","dev":"png"},"document_id":"EA2B15EB","chunk_id":"cwg4gknkh2y6l","chunk_label":"unnamed-chunk-7"},{"row":251,"row_count":1,"visible":true,"expansion_state":0,"options":{"engine":"r","fig.cap":"Illustration of how the likelihood of the data affects the posterior.","label":"unnamed-chunk-8","dev":"png"},"document_id":"EA2B15EB","chunk_id":"ctwqqxnk7ned6","chunk_label":"unnamed-chunk-8"},{"row":304,"row_count":1,"visible":true,"expansion_state":0,"options":{"engine":"r","label":"unnamed-chunk-9","dev":"png"},"document_id":"EA2B15EB","chunk_id":"ccqgliue1rp8l","chunk_label":"unnamed-chunk-9"},{"row":315,"row_count":1,"visible":true,"expansion_state":0,"options":{"engine":"r","label":"unnamed-chunk-10","dev":"png"},"document_id":"EA2B15EB","chunk_id":"cgudetesv4zq5","chunk_label":"unnamed-chunk-10"},{"row":324,"row_count":1,"visible":true,"expansion_state":0,"options":{"engine":"r","label":"unnamed-chunk-11","dev":"png"},"document_id":"EA2B15EB","chunk_id":"cvo95iykh6ar2","chunk_label":"unnamed-chunk-11"},{"row":336,"row_count":1,"visible":true,"expansion_state":0,"options":{"engine":"r","label":"unnamed-chunk-12","dev":"png"},"document_id":"EA2B15EB","chunk_id":"c1b64bbzx8qnx","chunk_label":"unnamed-chunk-12"},{"row":348,"row_count":1,"visible":true,"expansion_state":0,"options":{"engine":"r","message":false,"label":"unnamed-chunk-13","dev":"png"},"document_id":"EA2B15EB","chunk_id":"cm0ag3wn5pq57","chunk_label":"unnamed-chunk-13"},{"row":370,"row_count":1,"visible":true,"expansion_state":0,"options":{"engine":"r","eval":false,"label":"unnamed-chunk-14","dev":"png"},"document_id":"EA2B15EB","chunk_id":"cb5nlemiep1bw","chunk_label":"unnamed-chunk-14"}],"doc_write_time":1740978732}