"0","set.seed(1)"
"0",""
"0","fit %>% "
"0","  simulate() %>% "
"0","  bind_cols(df.data) %>% "
"0","  mutate(condition = factor(condition,"
"0","                            levels = c(0, 1),"
"0","                            labels = c(""control"", ""treatment"")),"
"0","         timepoint = as.factor(timepoint)) %>% "
"0","  ggplot(data = .,"
"0","         mapping = aes(x = timepoint,"
"0","                       y = sim_1,"
"0","                       group = participant)) +"
"0","  geom_point(alpha = 0.5,"
"0","             color = ""blue"") +"
"0","  geom_line(alpha = 0.5,"
"0","            color = ""blue"") +"
"0","  facet_grid(~ condition) +"
"0","  labs(x = ""timepoint"")"
"0",""
