{"chunk_definitions":[{"row":22,"row_count":1,"visible":true,"expansion_state":0,"options":{"engine":"r","message":false,"label":"unnamed-chunk-1"},"document_id":"F242263A","chunk_id":"c9db4mohv97xy","chunk_label":"unnamed-chunk-1"},{"row":30,"row_count":1,"visible":true,"expansion_state":0,"options":{"engine":"r","label":"unnamed-chunk-2"},"document_id":"F242263A","chunk_id":"cfy6mrjt65awo","chunk_label":"unnamed-chunk-2"},{"row":58,"row_count":1,"visible":true,"expansion_state":0,"options":{"engine":"r","warning":false,"fig.cap":"Tradeoff between fit and model simplicity.","label":"unnamed-chunk-3"},"document_id":"F242263A","chunk_id":"cc378nvm6sbb4","chunk_label":"unnamed-chunk-3"},{"row":80,"row_count":1,"visible":true,"expansion_state":0,"options":{"engine":"r","fig.cap":"Figure that I used to illustrate that fitting more data points with fewer parameter is more impressive.","label":"unnamed-chunk-4"},"document_id":"F242263A","chunk_id":"cpzjjf0jfgm05","chunk_label":"unnamed-chunk-4"},{"row":122,"row_count":1,"visible":true,"expansion_state":0,"options":{"engine":"r","label":"unnamed-chunk-12"},"document_id":"F242263A","chunk_id":"cykbjfqo6654g","chunk_label":"unnamed-chunk-5"},{"row":135,"row_count":1,"visible":true,"expansion_state":0,"options":{"engine":"r","label":"unnamed-chunk-13"},"document_id":"F242263A","chunk_id":"c0nn2gx0xmoei","chunk_label":"unnamed-chunk-6"},{"row":169,"row_count":1,"visible":true,"expansion_state":0,"options":{"engine":"r","label":"unnamed-chunk-39"},"document_id":"F242263A","chunk_id":"c6el7ttkfw9xo","chunk_label":"unnamed-chunk-7"},{"row":177,"row_count":1,"visible":true,"expansion_state":0,"options":{"engine":"r","warning":false,"label":"unnamed-chunk-14"},"document_id":"F242263A","chunk_id":"c9pxte18dvyjl","chunk_label":"unnamed-chunk-8"},{"row":187,"row_count":1,"visible":true,"expansion_state":0,"options":{"engine":"r","fig.cap":"Selection of the data.","label":"unnamed-chunk-15"},"document_id":"F242263A","chunk_id":"c884iwx00yx3u","chunk_label":"unnamed-chunk-9"},{"row":215,"row_count":1,"visible":true,"expansion_state":0,"options":{"engine":"r","fig.cap":"Sum of squared errors, proportional reduction in error (PRE), F statistic, p-value.","label":"unnamed-chunk-16"},"document_id":"F242263A","chunk_id":"curmsf3cfai8h","chunk_label":"unnamed-chunk-10"},{"row":239,"row_count":1,"visible":true,"expansion_state":0,"options":{"engine":"r","fig.cap":"F-distribution","label":"unnamed-chunk-17"},"document_id":"F242263A","chunk_id":"c2psa6oy4dpqq","chunk_label":"unnamed-chunk-11"},{"row":245,"row_count":1,"visible":true,"expansion_state":0,"options":{"engine":"r","echo":false,"fig.cap":"Relationship between error definition and best estimators.","label":"unnamed-chunk-9"},"document_id":"F242263A","chunk_id":"cjxk2p8kpyx6r","chunk_label":"unnamed-chunk-12"},{"row":277,"row_count":1,"visible":true,"expansion_state":0,"options":{"engine":"r","label":"unnamed-chunk-19"},"document_id":"F242263A","chunk_id":"ckw2a5pejceu5","chunk_label":"unnamed-chunk-13"},{"row":326,"row_count":1,"visible":true,"expansion_state":0,"options":{"engine":"r","warning":false,"message":false,"label":"unnamed-chunk-20"},"document_id":"F242263A","chunk_id":"cnohg319ho3ry","chunk_label":"unnamed-chunk-14"},{"row":349,"row_count":1,"visible":true,"expansion_state":0,"options":{"engine":"r","warning":false,"message":false,"label":"unnamed-chunk-21"},"document_id":"F242263A","chunk_id":"c9odr88q6hu68","chunk_label":"unnamed-chunk-15"},{"row":399,"row_count":1,"visible":true,"expansion_state":0,"options":{"engine":"r","label":"unnamed-chunk-98"},"document_id":"F242263A","chunk_id":"cislz4kmm98jh","chunk_label":"unnamed-chunk-16"}],"doc_write_time":1643008759,"chunk_rendered_width":700}