"0","df.coins %>% "
"0","  pivot_longer(cols = -theta,"
"0","               names_to = ""index"","
"0","               values_to = ""value"") %>% "
"0","  mutate(index = factor(index, levels = c(""prior"", ""likelihood"", ""posterior"")),"
"0","         theta = factor(theta, labels = c(""p = 0.1"", ""p = 0.5"", ""p = 0.9""))) %>% "
"0","  ggplot(data = .,"
"0","         mapping = aes(x = theta,"
"0","                       y = value,"
"0","                       fill = index)) + "
"0","  geom_bar(stat = ""identity"","
"0","           color = ""black"") +"
"0","  facet_grid(rows = vars(index),"
"0","             switch = ""y"","
"0","             scales = ""free"") + "
"0","  annotate(""segment"", x = -Inf, xend = Inf, y = -Inf, yend = -Inf) + "
"0","  annotate(""segment"", x = -Inf, xend = -Inf, y = -Inf, yend = Inf) + "
"0","  theme(legend.position = ""none"","
"0","        strip.background = element_blank(),"
"0","        axis.title.y = element_blank(),"
"0","        axis.text.y = element_blank(),"
"0","        axis.ticks.y = element_blank(),"
"0","        axis.title.x = element_blank(),"
"0","        axis.line = element_blank())"
