"0","g = grViz("""
"0","graph neato {"
"0","  "
"0","  graph[layout = neato]"
"0","  "
"0","  # general settings for all nodes"
"0","  node ["
"0","    shape = circle,"
"0","    style = filled,"
"0","    color = black,"
"0","    label = ''"
"0","    fontname = 'Helvetica',"
"0","    fontsize = 16,"
"0","    fillcolor = lightblue"
"0","    ]"
"0","  "
"0","  # labels for each node"
"0","  a [label = 'A' pos = '0,0!']"
"0","  b [label = 'B'  pos = '2,0!']"
"0","  d [label = 'D' pos = '0,-2!']"
"0","  e [label = 'E' pos = '2,-2!']"
"0","  "
"0","  # edges between nodes"
"0","  edge [color = black]"
"0",""
"0","  edge [color = black]"
"0","  a -- b"
"0",""
"0","  # direction in which arrows are drawn (from left to right)"
"0","  rankdir = LR"
"0","}"
"0",""") "
"0",""
"0","## export as pdf "
"0","#g %>% "
"0","#  export_svg %>% "
"0","#  charToRaw %>% "
"0","#  rsvg_pdf(""figures/moralize_and_disorient2.pdf"")"
"0",""
"0","# show plot"
"0","g"
