"0","ggplot(data = df.weightloss,"
"0","       mapping = aes(x = timepoint,"
"0","                     y = score,"
"0","                     group = diet,"
"0","                     color = diet)) + "
"0","  geom_point(position = position_jitterdodge(dodge.width = 0.5,"
"0","                                  jitter.width = 0.1,"
"0","                                  jitter.height = 0),"
"0","             alpha = 0.1) + "
"0","  stat_summary(fun.data = ""mean_cl_boot"","
"0","               position = position_dodge(width = 0.5)) +"
"0","  facet_wrap(~ exercises) + "
"0","  scale_color_brewer(palette = ""Set1"")"
