"0","# grid"
"0","theta = seq(0, 1, 0.01)"
"0",""
"0","# data"
"0","data = rep(0:1, c(8, 2))"
"0",""
"0","# calculate posterior"
"0","df.prior_effect = tibble(theta = theta, "
"0","                  prior_uniform = dbeta(theta, shape1 = 1, shape2 = 1),"
"0","                  prior_normal = dbeta(theta, shape1 = 5, shape2 = 5),"
"0","                  prior_biased = dbeta(theta, shape1 = 8, shape2 = 2)) %>% "
"0","  pivot_longer(cols = -theta,"
"0","               names_to = ""prior_index"","
"0","               values_to = ""prior"") %>% "
"0","  mutate(likelihood = dbinom(sum(data == 1),"
"0","                             size = length(data),"
"0","                             prob = theta)) %>% "
"0","  group_by(prior_index) %>% "
"0","  mutate(posterior = likelihood * prior / sum(likelihood * prior)) %>% "
"0","  ungroup() %>% "
"0","  pivot_longer(cols = -c(theta, prior_index),"
"0","               names_to = ""index"","
"0","               values_to = ""value"")"
"0",""
"0","# make the plot"
"0","df.prior_effect %>% "
"0","  mutate(index = factor(index, levels = c(""prior"", ""likelihood"", ""posterior"")),"
"0","         prior_index = factor(prior_index,"
"0","                              levels = c(""prior_uniform"", ""prior_normal"", ""prior_biased""),"
"0","                              labels = c(""uniform"", ""symmetric"", ""asymmetric""))) %>% "
"0","  ggplot(data = .,"
"0","         mapping = aes(x = theta,"
"0","                       y = value,"
"0","                       color = index)) +"
"0","  geom_line(size = 1) + "
"0","  facet_grid(cols = vars(prior_index),"
"0","             rows = vars(index),"
"0","             scales = ""free"","
"0","             switch = ""y"") +"
"0","  scale_x_continuous(breaks = seq(0, 1, 0.2)) +"
"0","  annotate(""segment"", x = -Inf, xend = Inf, y = -Inf, yend = -Inf) + "
"0","  annotate(""segment"", x = -Inf, xend = -Inf, y = -Inf, yend = Inf) + "
"0","  theme(legend.position = ""none"","
"0","        strip.background = element_blank(),"
"0","        axis.title.y = element_blank(),"
"0","        axis.text.y = element_blank(),"
"0","        axis.ticks.y = element_blank(),"
"0","        axis.text.x = element_text(size = 10),"
"0","        axis.line = element_blank())"
"2","Warning: Using `size` aesthetic for lines was deprecated in ggplot2 3.4.0.
Please use `linewidth` instead."
