"0","value_predicted = seq(0, 50, 0.1)"
"0","# value_predicted = seq(0, 10, 1)"
"0",""
"0","df.data = tibble(observation = 1:5,"
"0","                 value = c(1, 3, 5, 9, 140))"
"0",""
"0","# function that calculates the sum absolute error"
"0","fun.sum_absolute_error = function(prediction){"
"0","  x = df.data$value"
"0","  sum_absolute_error = sum(abs(x-prediction))"
"0","  return(sum_absolute_error)"
"0","}"
"0",""
"0","# function that calculates the sum squared error"
"0","fun.sum_squared_error = function(prediction){"
"0","  x = df.data$value"
"0","  sum_squared_error = sum((x-prediction)^2)"
"0","  return(sum_squared_error)"
"0","}"
"0",""
"0","df.model = tibble("
"0","  estimate = value_predicted,"
"0","  sum_absolute_error = map_dbl(value_predicted, fun.sum_absolute_error),"
"0","  sum_squared_error = map_dbl(value_predicted, fun.sum_squared_error)"
"0",")"
"0",""
"0","ggplot(data = df.model,"
"0","       mapping = aes(x = estimate,"
"0","                     # y = sum_absolute_error)) +"
"0","                     y = sum_squared_error)) +"
"0","  geom_line(size = 1) +"
"0","  # labs(y = ""Sum absolute error"")"
"0","  labs(y = ""Sum of squared errors"")"
