"0","tibble(formula = c(""`dv ~ x1 + (1 | g)`"","
"0","                   ""`dv ~ x1 + (0 + x1 | g)`"","
"0","                   ""`dv ~ x1 + (x1 | g)`"","
"0","                   ""`dv ~ x1 + (x1 || g)`"","
"0","                   ""`dv ~ x1 + (1 | school) + (1 | teacher)`"","
"0","                   ""`dv ~ x1 + (1 | school/teacher)`""),"
"0","       description = c(""Random intercept for each level of `g`"","
"0","                       ""Random slope for each level of `g`"","
"0","                       ""Correlated random slope and intercept for each level of `g`"","
"0","                       ""Uncorrelated random slope and intercept for each level of `g`"","
"0","                       ""Random intercept for each level of `school` and for each level of `teacher` (crossed)"","
"0","                       ""Random intercept for each level of `school` and for each level of `teacher` in `school` (nested)"")) %>% "
"0","  kable()"
