{"chunk_definitions":[{"row":34,"row_count":1,"visible":true,"expansion_state":0,"options":{"engine":"r","message":false,"label":"unnamed-chunk-1"},"document_id":"FF4D4D96","chunk_id":"c69du5l9w6wco","chunk_label":"unnamed-chunk-2"},{"row":42,"row_count":1,"visible":true,"expansion_state":0,"options":{"engine":"r","label":"unnamed-chunk-2"},"document_id":"FF4D4D96","chunk_id":"c32rjl22y3w5u","chunk_label":"unnamed-chunk-3"},{"row":54,"row_count":1,"visible":true,"expansion_state":0,"options":{"engine":"r","label":"unnamed-chunk-3"},"document_id":"FF4D4D96","chunk_id":"cauqfhxd56f1v","chunk_label":"unnamed-chunk-4"},{"row":70,"row_count":1,"visible":true,"expansion_state":0,"options":{"engine":"r","label":"unnamed-chunk-4"},"document_id":"FF4D4D96","chunk_id":"c423dm273qc9u","chunk_label":"unnamed-chunk-5"},{"row":83,"row_count":1,"visible":true,"expansion_state":0,"options":{"engine":"r","label":"unnamed-chunk-5"},"document_id":"FF4D4D96","chunk_id":"cubnxvgyo6kc7","chunk_label":"unnamed-chunk-6"},{"row":111,"row_count":1,"visible":true,"expansion_state":0,"options":{"engine":"r","label":"unnamed-chunk-6"},"document_id":"FF4D4D96","chunk_id":"cclj0tltkbwub","chunk_label":"unnamed-chunk-7"},{"row":123,"row_count":1,"visible":true,"expansion_state":0,"options":{"engine":"r","label":"unnamed-chunk-15"},"document_id":"FF4D4D96","chunk_id":"ch4pano82d7ei","chunk_label":"unnamed-chunk-8"},{"row":166,"row_count":1,"visible":true,"expansion_state":0,"options":{"engine":"r","label":"unnamed-chunk-8"},"document_id":"FF4D4D96","chunk_id":"c9c72og1mqa5l","chunk_label":"unnamed-chunk-9"},{"row":186,"row_count":1,"visible":true,"expansion_state":0,"options":{"engine":"r","label":"unnamed-chunk-13"},"document_id":"FF4D4D96","chunk_id":"c393x5hl721pd","chunk_label":"unnamed-chunk-10"},{"row":200,"row_count":1,"visible":true,"expansion_state":0,"options":{"engine":"r","label":"unnamed-chunk-14"},"document_id":"FF4D4D96","chunk_id":"cwo5qvhd76144","chunk_label":"unnamed-chunk-11"},{"row":243,"row_count":1,"visible":true,"expansion_state":0,"options":{"engine":"r","label":"unnamed-chunk-16"},"document_id":"FF4D4D96","chunk_id":"cmbeagks6rz9s","chunk_label":"unnamed-chunk-13"},{"row":275,"row_count":1,"visible":true,"expansion_state":0,"options":{"engine":"r","label":"unnamed-chunk-17"},"document_id":"FF4D4D96","chunk_id":"c00sfu8g0mq3k","chunk_label":"unnamed-chunk-15"},{"row":287,"row_count":1,"visible":true,"expansion_state":0,"options":{"engine":"r","label":"unnamed-chunk-18"},"document_id":"FF4D4D96","chunk_id":"c5vlw1ug3vsdd","chunk_label":"unnamed-chunk-16"}],"doc_write_time":1642742120}