"0","# generate data grid with three levels of the moderator "
"0","df.newdata = df.moderation %>% "
"0","  expand(x = c(min(x), "
"0","               max(x)), "
"0","         z = c(mean(z) - sd(z),"
"0","               mean(z),"
"0","               mean(z) + sd(z))) %>% "
"0","  mutate(moderator = rep(c(""low"", ""average"", ""high""), nrow(.)/3))"
"0",""
"0","# predictions for the three levels of the moderator "
"0","df.prediction = fit.moderation %>% "
"0","  augment(newdata = df.newdata) %>% "
"0","  mutate(moderator = factor(moderator, levels = c(""high"", ""average"", ""low"")))"
"0",""
"0","# visualize the result "
"0","df.moderation %>% "
"0","  ggplot(aes(x = x,"
"0","             y = y)) +"
"0","  geom_point() + "
"0","  geom_line(data = df.prediction,"
"0","            mapping = aes(y = .fitted,"
"0","                          group = moderator,"
"0","                          color = moderator),"
"0","            size = 1) +"
"0","  labs(x = ""hours of sleep (z-scored)"","
"0","       y = ""attention paid"","
"0","       color = ""coffee consumed"") + "
"0","  scale_color_brewer(palette = ""Set1"")"
"2","Warning: Using `size` aesthetic for lines was deprecated in ggplot2 3.4.0.
Please use `linewidth` instead."
