"0","tibble(variable = c(""income"", ""limit"", ""rating"", ""cards"", ""age"", ""education"","
"0","                    ""gender"", ""student"", ""married"", ""ethnicity"", ""balance""),"
"0","       description = c(""in thousand dollars"","
"0","                       ""credit limit"","
"0","                       ""credit rating"","
"0","                       ""number of credit cards"","
"0","                       ""in years"","
"0","                       ""years of education"","
"0","                       ""male or female"","
"0","                       ""student or not"","
"0","                       ""married or not"","
"0","                       ""African American, Asian, Caucasian"","
"0","                       ""average credit card debt"")) %>% "
"0","  kable() %>% "
"0","  kable_styling(bootstrap_options = ""striped"","
"0","                full_width = F)"
