"0","df.model = ggpredict(model = fit, "
"0","                     terms = c(""timepoint"", ""condition""),"
"0","                     type = ""fixed"") %>% "
"0","  rename(timepoint = x,"
"0","         condition = group) %>% "
"0","  mutate(condition = factor(condition,"
"0","                            levels = c(0, 1),"
"0","                            labels = c(""control"", ""treatment"")),"
"0","         timepoint = as.factor(timepoint))"
"0",""
"0","ggplot(data = df.plot,"
"0","       mapping = aes(x = timepoint,"
"0","                     y = value,"
"0","                     group = participant)) +"
"0","  # geom_point(alpha = 0.2) +"
"0","  # geom_line(alpha = 0.2) +"
"0","  geom_ribbon(data = df.model,"
"0","              mapping = aes(ymin = conf.low,"
"0","                            ymax = conf.high,"
"0","                            y = predicted,"
"0","                            group = NA),"
"0","              fill = ""red"","
"0","              alpha = 0.2) +"
"0","  geom_smooth(method = ""lm"","
"0","              mapping = aes(group = NA),"
"0","              color = ""blue"") + "
"0","  # geom_line(data = df.model,"
"0","  #           mapping = aes(y = predicted,"
"0","  #                         group = NA),"
"0","  #           color = ""red"","
"0","  #           linewidth = 1) +"
"0","  # geom_point(data = df.model,"
"0","  #            mapping = aes(y = predicted,"
"0","  #                          group = NA),"
"0","  #            color = ""red"","
"0","  #            size = 3) +"
"0","  facet_grid(~ condition) +"
"0","  labs(x = ""timepoint"")"
