"0","set.seed(1)"
"0",""
"0","# plot a histogram of the means with density overlaid "
"0","df.plot = df.sampling_distribution_means"
"0",""
"0","ggplot(data = df.plot,"
"0","       mapping = aes(x = mean)) + "
"0","  geom_histogram(aes(y = stat(density)),"
"0","                 binwidth = 0.05, "
"0","                 fill = ""lightblue"","
"0","                 color = ""black"") +"
"0","  stat_density(bw = 0.1,"
"0","               size = 2,"
"0","               geom = ""line"") + "
"0","  scale_y_continuous(expand = expansion(mult = c(0, 0.01)))"
