"0","df.credit %>% "
"0","  select(where(is.numeric)) %>%"
"0","  correlate(quiet = T) %>%"
"0","  select(term, income) %>% "
"0","  mutate(term = reorder(term, income)) %>%"
"0","  drop_na() %>% "
"0","  ggplot(aes(x = term, "
"0","             y = income,"
"0","             fill = income)) +"
"0","  geom_hline(yintercept = 0) +"
"0","  geom_col(color = ""black"","
"0","           show.legend = F) + "
"0","  scale_fill_gradient2(low = ""indianred2"","
"0","                       mid = ""white"","
"0","                       high = ""skyblue1"","
"0","                       limits = c(-1, 1)) + "
"0","  coord_flip() +"
"0","  theme(axis.title.y = element_blank())"
