"0","set.seed(1)"
"0",""
"0","n_participants = 100"
"0","n_timepoints = 3"
"0","n_conditions = 2"
"0","p_condition = 0.5"
"0","b0 = 10 # intercept "
"0","b1 = 10 # condition"
"0","b2 = 6 # time "
"0","b3 = 10 # interaction"
"0","sd_participant = 2"
"0","sd_time = 2"
"0","sd_residual = 1"
"0",""
"0","df.data = tibble(participant = rep(1:n_participants, each = n_timepoints),"
"0","                 timepoint = rep(1:n_timepoints, times = n_participants),"
"0","                 intercept_participant = rep(rnorm(n_participants, sd = sd_participant), "
"0","                                             each = n_timepoints),"
"0","                 time_participant = rep(rnorm(n_participants, sd = sd_time), "
"0","                                             each = n_timepoints)) %>% "
"0","  group_by(participant) %>% "
"0","  mutate(condition = rbinom(n = 1, size = 1, prob = p_condition)) %>% "
"0","  ungroup() %>% "
"0","  mutate(value = b0 + intercept_participant + "
"0","           b1 * condition + "
"0","           (b2  + time_participant) * timepoint +  "
"0","           b3 * condition * timepoint +"
"0","           rnorm(n_participants * n_timepoints, sd = sd_residual))"
