"0","# make example reproducible "
"0","set.seed(1)"
"0",""
"0","# set the sample size"
"0","sample_size = 40 "
"0",""
"0","# create data frame "
"0","df.sample = sample(df.population$numbers, "
"0","         size = sample_size, "
"0","         replace = T,"
"0","         prob = df.population$probability) %>% "
"0","  enframe(name = ""draw"", value = ""number"")"
"0",""
"0","# draw a plot of the sample"
"0","ggplot(data = df.sample,"
"0","       mapping = aes(x = number, y = stat(density))) + "
"0","  geom_histogram(binwidth = 0.5, "
"0","                 fill = ""lightblue"","
"0","                 color = ""black"") +"
"0","  scale_x_continuous(breaks = min(df.sample$number):max(df.sample$number)) + "
"0","  scale_y_continuous(expand = expansion(mult = c(0, 0.01)))"
