{"chunk_definitions":[{"row":38,"row_count":1,"visible":true,"expansion_state":0,"options":{"engine":"r","message":false,"label":"unnamed-chunk-1"},"document_id":"CF48BC56","chunk_id":"cxbcyd2pay88p","chunk_label":"unnamed-chunk-1"},{"row":53,"row_count":1,"visible":true,"expansion_state":0,"options":{"engine":"r","label":"unnamed-chunk-2"},"document_id":"CF48BC56","chunk_id":"cyaen63kfhe89","chunk_label":"unnamed-chunk-2"},{"row":75,"row_count":1,"visible":true,"expansion_state":0,"options":{"engine":"r","label":"unnamed-chunk-3"},"document_id":"CF48BC56","chunk_id":"c6r248lpmbgcq","chunk_label":"unnamed-chunk-3"},{"row":81,"row_count":1,"visible":true,"expansion_state":0,"options":{"engine":"r","label":"unnamed-chunk-4"},"document_id":"CF48BC56","chunk_id":"cb36v99ztolf2","chunk_label":"unnamed-chunk-4"},{"row":95,"row_count":1,"visible":true,"expansion_state":0,"options":{"engine":"r","label":"unnamed-chunk-5"},"document_id":"CF48BC56","chunk_id":"cfjz5mlmjx7wa","chunk_label":"unnamed-chunk-5"},{"row":102,"row_count":1,"visible":true,"expansion_state":0,"options":{"engine":"r","label":"unnamed-chunk-6"},"document_id":"CF48BC56","chunk_id":"cjrk2iexi0d8w","chunk_label":"unnamed-chunk-6"},{"row":122,"row_count":1,"visible":true,"expansion_state":0,"options":{"engine":"r","echo":false,"label":"unnamed-chunk-7"},"document_id":"CF48BC56","chunk_id":"cdwwiapf85kib","chunk_label":"unnamed-chunk-7"},{"row":139,"row_count":1,"visible":true,"expansion_state":0,"options":{"engine":"r","label":"unnamed-chunk-8"},"document_id":"CF48BC56","chunk_id":"cht8q7t8z3x3r","chunk_label":"unnamed-chunk-8"},{"row":152,"row_count":1,"visible":true,"expansion_state":0,"options":{"engine":"r","label":"unnamed-chunk-9"},"document_id":"CF48BC56","chunk_id":"cg96jv6fgzvmo","chunk_label":"unnamed-chunk-9"},{"row":166,"row_count":1,"visible":true,"expansion_state":0,"options":{"engine":"r","label":"unnamed-chunk-10"},"document_id":"CF48BC56","chunk_id":"cl6tb2p7nl180","chunk_label":"unnamed-chunk-10"},{"row":177,"row_count":1,"visible":true,"expansion_state":0,"options":{"engine":"r","label":"unnamed-chunk-11"},"document_id":"CF48BC56","chunk_id":"cv6rx7bg8l30p","chunk_label":"unnamed-chunk-11"},{"row":193,"row_count":1,"visible":true,"expansion_state":0,"options":{"engine":"r","label":"unnamed-chunk-12"},"document_id":"CF48BC56","chunk_id":"c8nwvk92ws69q","chunk_label":"unnamed-chunk-12"},{"row":203,"row_count":1,"visible":true,"expansion_state":0,"options":{"engine":"r","label":"unnamed-chunk-13"},"document_id":"CF48BC56","chunk_id":"cbtgazpc2458f","chunk_label":"unnamed-chunk-13"}],"doc_write_time":1645770355}