"0","library(""knitr"")      # for knitting RMarkdown "
"0","library(""kableExtra"") # for making nice tables"
"0","library(""janitor"")    # for cleaning column names"
"0","library(""broom"")      # for tidying up linear models "
"0","library(""corrr"")      # for calculating correlations between many variables"
"0","library(""corrplot"")   # for plotting correlations"
"0","library(""GGally"")     # for running ggpairs() function"
"0","library(""tidyverse"")  # for wrangling, plotting, etc. "
"0",""
"0","# include references for used packages"
"0","knitr::write_bib(.packages(), ""packages.bib"") "
