"0","# make example reproducible "
"0","set.seed(1)"
"0",""
"0","sample_size = 40 # size of each sample"
"0","sample_n = 1000 # number of samples "
"0",""
"0","# draw sample"
"0","fun.draw_sample = function(sample_size, distribution){"
"0","  x = 50 + rnorm(sample_size)"
"0","  return(x)"
"0","}"
"0",""
"0","# generate many samples "
"0","samples = replicate(n = sample_n,"
"0","                    fun.draw_sample(sample_size, df.population))"
"0",""
"0","# set up a data frame with samples "
"0","df.sampling_distribution = matrix(samples, ncol = sample_n) %>%"
"0","  as_tibble(.name_repair = ~ str_c(1:sample_n)) %>%"
"0","  pivot_longer(cols = everything(),"
"0","               names_to = ""sample"","
"0","               values_to = ""number"") %>% "
"0","  mutate(sample = as.numeric(sample)) %>% "
"0","  group_by(sample) %>% "
"0","  mutate(draw = 1:n()) %>% "
"0","  select(sample, draw, number) %>% "
"0","  ungroup()"
"0",""
"0","# turn the data frame into long format and calculate the mean and median of each sample"
"0","df.sampling_distribution_summaries = df.sampling_distribution %>% "
"0","  group_by(sample) %>% "
"0","  summarize(mean = mean(number),"
"0","            median = median(number)) %>% "
"0","  ungroup() %>% "
"0","  pivot_longer(cols = -sample,"
"0","               names_to = ""index"","
"0","               values_to = ""value"")"
