"0","grViz("""
"0","digraph dot{"
"0","  "
"0","  # general settings for all nodes"
"0","  node ["
"0","    shape = circle,"
"0","    style = filled,"
"0","    color = black,"
"0","    label = ''"
"0","    fontname = 'Helvetica',"
"0","    fontsize = 10,"
"0","    fillcolor = lightblue,"
"0","    fixedsize=true,"
"0","    width = 0.8"
"0","    ]"
"0","  "
"0","  # edges between nodes"
"0","  edge [color = black,"
"0","        fontname = 'Helvetica',"
"0","        fontsize = 10]"
"0","  1 -> 2 [label = '']"
"0","  1 -> 3 [label = '']"
"0","  2 -> 4 [label = ''] "
"0","  3 -> 4 [label = '']"
"0","  "
"0","  # labels for each node"
"0","  1 [label = 'Cloudy']"
"0","  2 [label = 'Sprinkler']"
"0","  3 [label = 'Rain']"
"0","  4 [label = 'Wet grass']"
"0","  }"""
"0",")"
