{"chunk_definitions":[{"row":52,"row_count":1,"visible":true,"expansion_state":0,"options":{"engine":"r","label":"load-packages","message":false},"document_id":"39B2FD08","chunk_id":"c9tetv0w4kbnu","chunk_label":"load-packages"},{"row":202,"row_count":1,"visible":true,"expansion_state":0,"options":{"engine":"r","warning":false,"message":false,"label":"unnamed-chunk-46"},"document_id":"39B2FD08","chunk_id":"ct27fnek8x2a7","chunk_label":"unnamed-chunk-1"},{"row":1127,"row_count":1,"visible":true,"expansion_state":0,"options":{"engine":"r","label":"unnamed-chunk-48"},"document_id":"39B2FD08","chunk_id":"c0f5vz1budqxj","chunk_label":"unnamed-chunk-27"},{"row":1195,"row_count":1,"visible":true,"expansion_state":0,"options":{"engine":"r","label":"unnamed-chunk-45"},"document_id":"39B2FD08","chunk_id":"co2zzt277zn98","chunk_label":"unnamed-chunk-28"}],"doc_write_time":1644597272}